ID,p_smooth,p_features,p_irregular,p_point_source,p_unclassifiable
GDS_deep2_10075,0.25902462,0.1709196,0.07373156,0.3478686,0.14845575
GDS_deep2_10082,0.1885849,0.6770243,0.11918577,0.008789498,0.006415527
GDS_deep2_10087,0.35443288,0.2564422,0.08727849,0.2504024,0.051444102
GDS_deep2_10110,0.048763894,0.5651669,0.2952182,0.014018804,0.07683214
GDS_deep2_10135,0.03518526,0.37228253,0.5573142,0.00599537,0.029222628
GDS_deep2_10142,0.5832037,0.078231305,0.01207953,0.325137,0.0013484951
GDS_deep2_10169,0.63288766,0.12534541,0.021234954,0.21895917,0.0015728268
GDS_deep2_10176,0.14933747,0.6839837,0.1547478,0.00888819,0.0030427813
GDS_deep2_10201,0.6591045,0.23332462,0.025282424,0.080938235,0.0013502457
GDS_deep2_10212,0.39042735,0.43274385,0.13073316,0.042377707,0.0037179564
GDS_deep2_10221,0.5318703,0.34786308,0.041516066,0.07734083,0.0014098738
GDS_deep2_10231,0.11235384,0.53523487,0.3213518,0.010204971,0.020854509
GDS_deep2_10246,0.20745943,0.6180348,0.14366709,0.02744946,0.0033892246
GDS_deep2_10276,0.5480782,0.3852501,0.037319683,0.02862223,0.0007298536
GDS_deep2_10279,0.6349162,0.297942,0.014992027,0.051350754,0.0007989462
GDS_deep2_10307,0.032289885,0.60466045,0.2705345,0.010990959,0.08152417
GDS_deep2_10308,0.33179688,0.5613308,0.05708144,0.047417413,0.0023734095
GDS_deep2_10318,0.27283785,0.66922617,0.05076861,0.0063902964,0.00077710365
GDS_deep2_10327,0.034775287,0.79662484,0.16245848,0.0020319733,0.00410945
GDS_deep2_10330,0.55973005,0.06351814,0.009100161,0.3666816,0.00097006
GDS_deep2_10332,0.052467294,0.79601216,0.14249758,0.0022535024,0.0067693815
GDS_deep2_10344,0.054713946,0.6392775,0.22743171,0.019923668,0.05865311
GDS_deep2_10367,0.45472962,0.3113936,0.04985486,0.17750923,0.006512791
GDS_deep2_10479,0.021795077,0.82167125,0.13010539,0.0034816526,0.022946581
GDS_deep2_10485,0.2612182,0.49285516,0.20501213,0.024570204,0.016344262
GDS_deep2_10581,0.1263166,0.6398638,0.19632444,0.013273656,0.024221452
GDS_deep2_10601,0.3926639,0.47080693,0.046023756,0.08642589,0.0040795566
GDS_deep2_10606,0.11840612,0.6972878,0.17027234,0.008501876,0.005531815
GDS_deep2_10654,0.57567227,0.1977615,0.034056675,0.18704562,0.00546391
GDS_deep2_10657,0.102933384,0.87850034,0.013809327,0.0029151894,0.0018417422
GDS_deep2_10661,0.06910209,0.70448,0.21785748,0.0042794035,0.004281069
GDS_deep2_10703,0.05498296,0.8466186,0.09532567,0.0015112397,0.0015615352
GDS_deep2_10716,0.3080406,0.55545175,0.08416997,0.048568495,0.0037691751
GDS_deep2_10720,0.12326598,0.42844287,0.4300755,0.007744338,0.010471256
GDS_deep2_10740,0.05241195,0.8467775,0.09446557,0.003370163,0.0029747626
GDS_deep2_10775,0.07597159,0.669425,0.20237955,0.016313853,0.035909977
GDS_deep2_10891,0.55878395,0.44018185,0.0001316448,0.0009010668,1.4654854e-06
GDS_deep2_10902,0.26939905,0.49060404,0.16918269,0.064110704,0.006703444
GDS_deep2_10938,0.28661618,0.5743538,0.11084434,0.025892721,0.0022929234
GDS_deep2_10994,0.17159289,0.6903956,0.1277443,0.008198173,0.0020691552
GDS_deep2_11021,0.16708967,0.44874474,0.25744784,0.05972158,0.06699612
GDS_deep2_11054,0.10754145,0.77680767,0.10677082,0.0066494527,0.0022306398
GDS_deep2_11059,0.24983479,0.6326457,0.07406107,0.03820505,0.005253405
GDS_deep2_11084,0.11749187,0.45431846,0.3901937,0.01637726,0.021618614
GDS_deep2_11114,0.07823198,0.8298845,0.08642156,0.003150391,0.0023114537
GDS_deep2_11141,0.03983104,0.68517375,0.2284975,0.0049433033,0.04155438
GDS_deep2_11149,0.49150154,0.46606314,0.01809945,0.022514923,0.0018210114
GDS_deep2_11173,0.03268972,0.8448039,0.110672034,0.0023576433,0.009476625
GDS_deep2_11245,0.5015888,0.16014734,0.02802789,0.30643332,0.003802594
GDS_deep2_11647,0.044435866,0.43989617,0.4714355,0.008514348,0.03571818
GDS_deep2_11694,0.06784384,0.5388844,0.37652364,0.0049978113,0.011750297
GDS_deep2_11696,1.1514975e-06,8.717581e-25,1.4973133e-33,0.9999988,0.0
GDS_deep2_11716,0.16693158,0.6007489,0.21016419,0.016603941,0.0055513787
GDS_deep2_11723,0.58448017,0.21216092,0.041873734,0.15896657,0.0025186483
GDS_deep2_11724,0.041576955,0.8327106,0.123106964,0.0010629368,0.001542509
GDS_deep2_11764,0.06107447,0.85359806,0.07872541,0.0035488484,0.0030531709
GDS_deep2_11771,0.08861597,0.8270148,0.07968174,0.002494645,0.0021927466
GDS_deep2_11984,0.029522039,0.6348705,0.3197475,0.0027892562,0.013070687
GDS_deep2_12035,0.07580151,0.8566835,0.06262074,0.0023291635,0.0025650968
GDS_deep2_12085,0.52855706,0.12395707,0.030767353,0.3144209,0.0022975297
GDS_deep2_12569,0.35033458,0.57158804,0.052746795,0.02369084,0.0016397478
GDS_deep2_12624,0.028205551,0.4644014,0.31700626,0.012447318,0.17793944
GDS_deep2_12772,0.07546065,4.259586e-06,7.6624005e-08,0.924535,8.019573e-10
GDS_deep2_12889,0.5273485,0.10382774,0.019200858,0.34665406,0.0029688627
GDS_deep2_12984,0.39911863,0.44636625,0.06698603,0.08390078,0.0036283815
GDS_deep2_13315,0.16201599,0.6778728,0.14744757,0.00960867,0.0030550156
GDS_deep2_13540,0.059619624,0.702453,0.22517923,0.0046917615,0.008056413
GDS_deep2_3107,0.025040971,0.36938673,0.57749045,0.0033088655,0.024773043
GDS_deep2_3125,0.033983268,0.51359075,0.42165387,0.004791225,0.025980871
GDS_deep2_3350,0.28220582,0.6669224,0.035285022,0.012183343,0.0034034648
GDS_deep2_3378,0.20047277,0.7737957,0.015947716,0.007872426,0.0019112644
GDS_deep2_3439,0.26431182,0.6685855,0.036378555,0.028337214,0.0023870121
GDS_deep2_3468,0.5472693,0.18346685,0.040195797,0.22564347,0.003424637
GDS_deep2_3518,0.5742599,0.10325315,0.017031455,0.30356216,0.0018933757
GDS_deep2_3547,0.46740493,0.38039288,0.051297735,0.09817472,0.0027298077
GDS_deep2_3562,0.029707486,0.52829224,0.3820862,0.006720573,0.053193524
GDS_deep2_3577,0.2877145,0.65830904,0.04293981,0.009100311,0.0019363479
GDS_deep2_3586,0.4659269,0.43830547,0.0734902,0.021322235,0.00095520145
GDS_deep2_3614,0.037614442,0.77057207,0.18571845,0.0018786432,0.004216447
GDS_deep2_3677,0.073038764,0.48263204,0.37840182,0.014800824,0.051126614
GDS_deep2_3678,0.108935356,0.48658526,0.3677728,0.018535787,0.018170862
GDS_deep2_3712,0.057517037,0.77620447,0.15176548,0.0061095813,0.008403366
GDS_deep2_3749,0.45453155,0.43733588,0.056858435,0.049706925,0.0015672719
GDS_deep2_3763,0.50246924,0.25802168,0.039285306,0.1970746,0.0031492575
GDS_deep2_3779,0.03486548,0.55713946,0.3498823,0.0069549014,0.051157814
GDS_deep2_3813,0.44342524,0.2885905,0.09332763,0.16357604,0.011080473
GDS_deep2_3835,0.038452454,0.64588714,0.2610496,0.00901867,0.045592174
GDS_deep2_3849,0.06003821,0.7362882,0.18964846,0.004727097,0.009298106
GDS_deep2_3957,0.4632142,0.211012,0.058986302,0.24830413,0.018483376
GDS_deep2_3962,0.045239285,0.7138451,0.2320442,0.0021638402,0.006707626
GDS_deep2_3972,0.2854996,0.015641656,0.0032235587,0.69501597,0.0006191857
GDS_deep2_3990,0.05264533,0.60263294,0.32416055,0.006693042,0.013868152
GDS_deep2_3993,0.55408907,0.25252602,0.03312591,0.1578159,0.0024431369
GDS_deep2_4009,0.082014546,0.8178521,0.08891108,0.006740376,0.0044819894
GDS_deep2_4014,0.07653637,0.70541656,0.18211757,0.012582265,0.023347203
GDS_deep2_4036,0.049623307,0.6802067,0.2601972,0.0028472212,0.007125528
GDS_deep2_4089,0.14313994,0.6174806,0.19881321,0.028376313,0.0121899275
GDS_deep2_4142,0.033059057,0.7473766,0.20513572,0.002796,0.011632621
GDS_deep2_4163,0.16661942,0.76748794,0.05999309,0.004887116,0.0010124481
GDS_deep2_4200,0.45025387,0.065786816,0.0152565325,0.46264184,0.006060851
GDS_deep2_4202,0.17607266,0.00020615636,1.8769522e-05,0.82370156,7.903613e-07
GDS_deep2_4218,0.044094346,0.2839635,0.61474603,0.011228251,0.045967873
GDS_deep2_4272,0.7793927,0.2057375,0.0017665407,0.013064781,3.8455593e-05
GDS_deep2_4323,0.07840498,0.5682797,0.22564764,0.03367601,0.09399167
GDS_deep2_4368,0.02860307,0.44644463,0.34166658,0.0131390765,0.17014666
GDS_deep2_4370,0.16976702,0.58542436,0.23346837,0.007847014,0.0034931705
GDS_deep2_4439,0.20263977,0.71348923,0.0644856,0.01756357,0.0018217751
GDS_deep2_4630,0.016909715,0.5967026,0.29554492,0.0038489674,0.086993806
GDS_deep2_4657,0.07475808,0.7334818,0.18460731,0.002965584,0.004187236
GDS_deep2_4695,0.13067298,0.75739276,0.082681686,0.020834003,0.008418565
GDS_deep2_4704,0.3065401,0.49957925,0.11002644,0.07782109,0.006033071
GDS_deep2_4724,0.0209264,0.31510568,0.5540361,0.006415284,0.10351652
GDS_deep2_4744,0.14291087,0.0026451808,0.0006363208,0.85369205,0.000115614384
GDS_deep2_4754,0.10877906,0.7942849,0.09201469,0.0031274364,0.0017939628
GDS_deep2_4826,0.048434734,0.25078562,0.67873675,0.0042638015,0.017779088
GDS_deep2_4830,3.6470914e-07,1.9069253e-30,0.0,0.99999964,0.0
GDS_deep2_4832,0.16818646,0.49251893,0.25126097,0.059081856,0.028951822
GDS_deep2_4835,0.042560175,0.7714125,0.17747462,0.0023687587,0.00618391
GDS_deep2_4846,0.2013041,0.7457998,0.045902453,0.0058128494,0.0011808517
GDS_deep2_4849,0.16445157,0.46467173,0.27185744,0.045941055,0.053078145
GDS_deep2_4859,0.3221374,0.60273564,0.0518418,0.01864825,0.004636936
GDS_deep2_4861,0.15433328,0.51939934,0.3141571,0.0078046434,0.004305672
GDS_deep2_4867,0.060052343,0.86304337,0.0707698,0.0035728049,0.0025616344
GDS_deep2_4881,0.07235824,0.5846739,0.3360938,0.0026859047,0.0041881064
GDS_deep2_4897,0.046854295,0.6428875,0.23902704,0.0131309,0.058100346
GDS_deep2_4899,0.33960357,0.5499394,0.08154844,0.027153855,0.0017546493
GDS_deep2_4900,0.16149908,0.78052145,0.051300894,0.0054075452,0.0012711114
GDS_deep2_4917,0.5262104,0.17546074,0.043112643,0.25140515,0.0038110411
GDS_deep2_4977,0.06545323,0.70839465,0.2168656,0.0037013264,0.0055852635
GDS_deep2_4982,0.11392068,0.34479916,0.3027696,0.037142962,0.20136747
GDS_deep2_5030,0.26199245,0.5081746,0.2078963,0.018944392,0.0029922456
GDS_deep2_5039,7.1233774e-09,1.4406834e-27,0.0,1.0,0.0
GDS_deep2_5078,0.24749872,0.565349,0.15122369,0.03285127,0.0030773052
GDS_deep2_5132,0.02431951,0.70043534,0.26514953,0.0017102079,0.008385308
GDS_deep2_5151,0.11721422,0.66721606,0.16998324,0.024949787,0.020636672
GDS_deep2_5179,0.5071663,0.2988056,0.051758572,0.13896371,0.003305746
GDS_deep2_5209,0.4978286,0.24356529,0.06055151,0.19403037,0.004024288
GDS_deep2_5218,0.07323911,0.40134063,0.5002752,0.006305504,0.018839588
GDS_deep2_5228,0.037026387,0.75083804,0.19938792,0.0017809221,0.010966775
GDS_deep2_5249,0.09788971,0.6934102,0.19570541,0.004532709,0.008461894
GDS_deep2_5255,0.35671425,0.4065193,0.11424436,0.109754324,0.012767778
GDS_deep2_5275,0.6311764,0.19451903,0.02749687,0.14549486,0.0013127881
GDS_deep2_5278,0.056695253,0.83696514,0.0993481,0.002694517,0.004297016
GDS_deep2_5284,0.10044074,0.52473724,0.31947806,0.017208286,0.038135663
GDS_deep2_5351,0.24350682,0.010927582,0.0018774754,0.74329597,0.00039219682
GDS_deep2_5399,0.20283318,0.6323758,0.15363795,0.00727299,0.0038801637
GDS_deep2_5409,0.18451668,0.7029782,0.10256483,0.0067314603,0.0032088342
GDS_deep2_5469,0.27613178,0.624174,0.07455989,0.021350581,0.0037836768
GDS_deep2_5477,0.060782477,0.85608095,0.07543018,0.0042381017,0.0034682306
GDS_deep2_5488,0.42486796,0.42550486,0.077745326,0.068613805,0.0032680514
GDS_deep2_5496,0.33060735,0.6027683,0.046664245,0.018870888,0.0010892631
GDS_deep2_5524,0.62076163,0.08943664,0.0103854155,0.2783217,0.0010946116
GDS_deep2_5551,0.1771286,0.5823943,0.22786525,0.010023611,0.0025881547
GDS_deep2_5553,0.61292386,0.2139593,0.029970404,0.14144287,0.0017036187
GDS_deep2_5556,0.05438553,0.36057433,0.54922384,0.009595378,0.026220864
GDS_deep2_5571,0.73010933,0.26645938,0.0003168158,0.0031123534,2.1106173e-06
GDS_deep2_5576,0.17896381,0.79946035,0.018371843,0.0021231817,0.0010808212
GDS_deep2_5584,0.050331343,0.7359797,0.20896024,0.0017070044,0.003021771
GDS_deep2_5611,0.23976505,0.61363536,0.09989863,0.040078916,0.0066220523
GDS_deep2_5623,0.22576748,0.640004,0.10291176,0.028352076,0.002964759
GDS_deep2_5631,0.29680973,0.6754488,0.022529945,0.0044860137,0.00072552165
GDS_deep2_5632,0.066164754,0.828993,0.095387414,0.0033004747,0.0061542285
GDS_deep2_5638,0.44415122,0.11530599,0.021422563,0.40950584,0.009614301
GDS_deep2_5649,0.25031456,0.69876915,0.04130791,0.0081676,0.0014406906
GDS_deep2_5659,0.5441989,0.22023202,0.032156993,0.20072241,0.002689753
GDS_deep2_5665,0.09107981,0.65567034,0.22305013,0.015262415,0.014937314
GDS_deep2_5672,0.07100563,0.5207336,0.30512798,0.02366925,0.07946354
GDS_deep2_5680,0.2289471,0.69556195,0.069428615,0.005255697,0.00080661086
GDS_deep2_5688,0.018732537,0.27545345,0.31859228,0.009107992,0.37811375
GDS_deep2_5701,0.09075125,0.23019183,0.21661249,0.10350101,0.3589434
GDS_deep2_5706,0.036261793,0.8881457,0.070694305,0.00152446,0.0033737028
GDS_deep2_5707,0.06973119,0.6184312,0.30576023,0.0021252776,0.0039520226
GDS_deep2_5720,0.14083952,0.6708086,0.16715837,0.015198498,0.005994958
GDS_deep2_5754,0.17993456,0.6576243,0.123088874,0.018054934,0.021297393
GDS_deep2_5758,0.086149015,0.80932426,0.09476263,0.0040447977,0.00571928
GDS_deep2_5766,0.24292625,0.44124043,0.14700922,0.12819067,0.040633325
GDS_deep2_5779,0.18939584,0.6439388,0.12614124,0.030751994,0.00977218
GDS_deep2_5783,0.5701804,0.27665454,0.02033355,0.13067228,0.0021592933
GDS_deep2_5806,0.030257704,0.60377175,0.32292336,0.0052908217,0.037756316
GDS_deep2_5820,0.08325247,0.8065125,0.101775795,0.00377672,0.0046825293
GDS_deep2_5883,0.5923423,0.08337636,0.020212047,0.3023527,0.0017165944
GDS_deep2_5887,0.16630635,0.69126284,0.11902457,0.019127341,0.0042788577
GDS_deep2_5918,0.08592525,9.220767e-06,1.989212e-07,0.91406524,2.8041873e-09
GDS_deep2_5923,0.23412865,0.4683762,0.16152346,0.102722034,0.033249673
GDS_deep2_5950,0.048266936,0.51020366,0.41857988,0.005455836,0.017493745
GDS_deep2_5975,0.14714898,0.6944205,0.12627624,0.023725804,0.008428435
GDS_deep2_5983,0.051873967,0.91406405,0.030328603,0.0018581054,0.0018752415
GDS_deep2_5989,0.2531246,0.53689384,0.16968787,0.034994572,0.005299111
GDS_deep2_5997,0.25263232,0.6333704,0.09031682,0.014371644,0.009308761
GDS_deep2_5998,0.116783835,0.65120554,0.20215212,0.018165201,0.011693284
GDS_deep2_6004,0.52567315,0.36508653,0.06391163,0.0441009,0.0012277184
GDS_deep2_6035,0.010671707,3.9258242e-07,1.9523052e-09,0.98932797,1.5083122e-11
GDS_deep2_6049,0.011017014,9.936075e-09,1.0454633e-11,0.988983,7.486399e-15
GDS_deep2_6065,0.38193053,0.5821955,0.031082446,0.0041753897,0.00061608
GDS_deep2_6071,0.52757126,0.17620951,0.031207642,0.2599946,0.005017065
GDS_deep2_6111,0.38074252,0.46084356,0.051676426,0.10293664,0.0038008897
GDS_deep2_6124,0.16881339,0.7142369,0.10069548,0.013459947,0.0027943016
GDS_deep2_6186,0.08068211,0.516226,0.3661176,0.007249583,0.029724792
GDS_deep2_6190,0.25229532,0.64765394,0.07290721,0.024309603,0.0028339273
GDS_deep2_6208,0.11171298,0.65609354,0.2203051,0.0056753797,0.0062130005
GDS_deep2_6237,0.06496701,0.60377955,0.31489646,0.0073062275,0.009050692
GDS_deep2_6273,0.29881597,0.5583709,0.11216296,0.027928844,0.0027213679
GDS_deep2_6288,0.263757,0.64972144,0.055839114,0.027392507,0.0032899443
GDS_deep2_6303,0.056941226,0.46203798,0.4611698,0.0040794443,0.015771616
GDS_deep2_6335,0.081502795,0.4870909,0.39822584,0.0106538,0.022526655
GDS_deep2_6342,0.06507349,0.45288613,0.41824806,0.020721365,0.043070875
GDS_deep2_6355,0.12198783,0.6762537,0.19548824,0.0039930353,0.0022771545
GDS_deep2_6384,0.4568884,0.3027511,0.07133042,0.1625723,0.006457886
GDS_deep2_6399,0.7492109,0.14807317,0.0005720991,0.10212431,1.9439009e-05
GDS_deep2_6403,0.20059101,0.70028037,0.07830069,0.017048966,0.0037789757
GDS_deep2_6425,0.117076695,0.7826487,0.09429448,0.004408007,0.0015720682
GDS_deep2_6431,0.3280941,0.02683491,0.006872466,0.63645416,0.00174439
GDS_deep2_6438,0.041582055,0.8033121,0.13433029,0.004853848,0.015921693
GDS_deep2_6457,0.04208611,0.6290764,0.31682727,0.0025958847,0.009414223
GDS_deep2_6545,0.25733763,0.6971854,0.035330456,0.008248627,0.0018979615
GDS_deep2_6549,0.08321942,0.6833242,0.18788183,0.0092349155,0.036339596
GDS_deep2_6550,0.51943505,0.3740402,0.0301423,0.07418796,0.0021945098
GDS_deep2_6553,0.6790608,0.17833471,0.03602758,0.10351711,0.0030597905
GDS_deep2_6583,0.1921762,0.7341261,0.065720744,0.00686619,0.0011107761
GDS_deep2_6618,0.07655885,0.70023286,0.17284644,0.019371653,0.030990224
GDS_deep2_6638,0.21938427,0.63726485,0.13309626,0.007926847,0.0023277667
GDS_deep2_6648,0.33736223,0.52215433,0.124147564,0.013091212,0.003244612
GDS_deep2_6674,0.52496123,0.18977384,0.06660669,0.21396317,0.004695024
GDS_deep2_6675,0.05681787,0.5960851,0.31157407,0.011934959,0.02358809
GDS_deep2_6676,0.41137534,0.4827339,0.059093244,0.04506164,0.0017357931
GDS_deep2_6681,0.06072483,0.4194148,0.31709582,0.032653596,0.17011102
GDS_deep2_6691,0.15269797,0.6307728,0.2066749,0.006928761,0.002925585
GDS_deep2_6695,0.20028782,0.55420154,0.20396963,0.031116081,0.010424943
GDS_deep2_6707,0.07519923,0.5514425,0.35319883,0.0044380547,0.015721379
GDS_deep2_6712,0.57722265,0.11161186,0.0244509,0.28446513,0.0022494376
GDS_deep2_6714,0.036064506,0.5784032,0.35370842,0.004535105,0.02728876
GDS_deep2_6721,0.07493176,0.6936221,0.19737677,0.014071359,0.019997993
GDS_deep2_6733,0.20148462,0.6434572,0.12511031,0.023576787,0.006371192
GDS_deep2_6779,0.023689754,0.26924816,0.68861705,0.0019877471,0.016457392
GDS_deep2_6791,0.39134413,0.47929797,0.06865337,0.05094547,0.009758925
GDS_deep2_6828,0.028425418,0.2509958,0.704004,0.0026770053,0.013897798
GDS_deep2_6832,0.47377345,0.18346353,0.039250806,0.29131132,0.012200852
GDS_deep2_6872,0.17242154,0.7333865,0.08784392,0.0047332863,0.0016147033
GDS_deep2_6903,0.21626489,0.598676,0.1648828,0.015076801,0.005099543
GDS_deep2_6961,0.58610916,0.19507007,0.040407605,0.17604664,0.0023665677
GDS_deep2_6970,0.1500616,0.77486765,0.059888095,0.010625065,0.004557606
GDS_deep2_6989,0.073448345,0.00017091271,1.3875559e-06,0.92637926,4.1172576e-08
GDS_deep2_7000,0.047347717,0.59964734,0.3075409,0.008019398,0.037444662
GDS_deep2_7012,0.049601298,0.66975826,0.23830132,0.009702639,0.03263654
GDS_deep2_7014,0.54200685,0.121296234,0.037761785,0.29539216,0.0035430216
GDS_deep2_7018,0.5411671,0.28166643,0.029748525,0.14565563,0.0017623383
GDS_deep2_7072,0.025395637,0.48230338,0.45629138,0.003029733,0.032979857
GDS_deep2_7097,0.36464188,0.027298924,0.014277902,0.59095156,0.0028296898
GDS_deep2_7098,0.2690298,0.55784357,0.1268809,0.027903404,0.018342301
GDS_deep2_7130,0.09353976,0.5355321,0.35040432,0.0063190893,0.014204692
GDS_deep2_7135,0.12466832,0.524492,0.32222867,0.009549537,0.019061448
GDS_deep2_7144,0.5843437,0.16976367,0.016995002,0.22652751,0.0023701312
GDS_deep2_7148,0.030583253,0.55364096,0.38576898,0.0040489906,0.025957773
GDS_deep2_7149,0.32000887,0.5550618,0.09778263,0.022357326,0.00478936
GDS_deep2_7193,0.0840006,0.7979435,0.10789852,0.0072039315,0.0029535259
GDS_deep2_7218,0.16348368,0.71484005,0.10791153,0.011215338,0.0025494946
GDS_deep2_7239,0.3478542,0.49792972,0.120582566,0.025791163,0.007842331
GDS_deep2_7266,0.69421923,0.106709644,0.006366821,0.19221906,0.00048523853
GDS_deep2_7281,0.031230804,0.55835813,0.3370934,0.006243759,0.06707397
GDS_deep2_7285,0.12193548,0.81430155,0.057046533,0.004429489,0.0022868805
GDS_deep2_7312,0.24213932,0.54551345,0.113429375,0.08587895,0.013038892
GDS_deep2_7319,0.019967739,0.52125114,0.3888677,0.0040086275,0.065904744
GDS_deep2_7321,0.54770577,0.21638833,0.053762324,0.17881784,0.0033257469
GDS_deep2_7342,0.2826224,0.28397438,0.26007134,0.1294258,0.043906055
GDS_deep2_7358,0.07447073,0.6848562,0.22740315,0.003735999,0.009534019
GDS_deep2_7365,0.5698987,0.12614736,0.01760349,0.2849506,0.0013998518
GDS_deep2_7395,0.47943702,0.10291781,0.09758616,0.3122479,0.0078111035
GDS_deep2_7402,0.0882955,0.55267966,0.34391144,0.006158485,0.008954811
GDS_deep2_7405,0.25985634,0.513238,0.18214443,0.038848095,0.005913147
GDS_deep2_7423,0.023251545,0.3397463,0.30756804,0.015687618,0.31374654
GDS_deep2_7445,0.44273594,0.33840895,0.14660008,0.06721926,0.005035746
GDS_deep2_7472,0.41520777,0.33749396,0.11571239,0.12170412,0.009881659
GDS_deep2_7485,0.25380033,0.6097083,0.07268696,0.05374231,0.010062001
GDS_deep2_7501,0.030377869,0.5311607,0.40771264,0.0040560113,0.026692873
GDS_deep2_7584,0.024552723,0.5849153,0.271035,0.005133621,0.11436341
GDS_deep2_7644,0.048639957,0.66372156,0.27178198,0.0033620729,0.012494452
GDS_deep2_7650,0.076548845,0.7085575,0.18930447,0.011503524,0.0140856635
GDS_deep2_7653,0.48318842,0.20311134,0.042528387,0.26539233,0.005779529
GDS_deep2_7669,0.053214286,0.27210468,0.59518605,0.00980627,0.06968869
GDS_deep2_7673,0.48208612,0.18576245,0.04310864,0.2797456,0.009297244
GDS_deep2_7682,0.18105415,0.7342936,0.071693696,0.011093653,0.0018650087
GDS_deep2_7691,0.76741976,0.22610034,0.0005541282,0.005916687,9.052676e-06
GDS_deep2_7695,0.032085378,0.3275937,0.45295256,0.016296424,0.17107195
GDS_deep2_7696,0.43551555,0.18955752,0.055094473,0.29470715,0.025125282
GDS_deep2_7710,0.44393858,0.47810465,0.04082595,0.03583543,0.0012954178
GDS_deep2_7718,2.6513828e-32,0.0,0.0,1.0,0.0
GDS_deep2_7719,0.07292062,0.5921015,0.2612055,0.009173495,0.06459885
GDS_deep2_7747,0.06954379,0.8368733,0.08679071,0.0027921952,0.0039999993
GDS_deep2_7777,0.042714164,0.57295376,0.2716728,0.011666269,0.10099298
GDS_deep2_7784,0.43140885,0.41408637,0.07040237,0.08109165,0.0030107026
GDS_deep2_7841,0.16839263,0.32230958,0.42195877,0.026668366,0.060670625
GDS_deep2_7856,0.038087856,0.36999568,0.3590591,0.023674708,0.20918262
GDS_deep2_7861,0.3699992,0.4263155,0.08557135,0.09790711,0.020206848
GDS_deep2_7869,0.068843454,0.48873714,0.41768742,0.007178327,0.017553603
GDS_deep2_7875,0.1406001,0.52531224,0.31114256,0.009250429,0.013694707
GDS_deep2_7883,0.09211896,0.7189242,0.17836256,0.0043600216,0.0062341304
GDS_deep2_7917,0.13401674,0.7946569,0.05247311,0.015090597,0.0037627413
GDS_deep2_7965,0.059316076,0.4278181,0.49881193,0.0030538961,0.011000052
GDS_deep2_8001,0.41802612,0.47980532,0.07398428,0.027162647,0.0010216394
GDS_deep2_8009,0.48913747,0.43903664,0.03699458,0.033760536,0.001070632
GDS_deep2_8018,0.108374156,0.6696882,0.21292782,0.003729851,0.0052799257
GDS_deep2_8021,0.26967755,0.007958062,0.0014514743,0.7207689,0.00014398621
GDS_deep2_8046,0.044285282,0.8190524,0.12724231,0.0022069612,0.007213034
GDS_deep2_8078,0.06076623,0.51259863,0.400125,0.007828754,0.018681431
GDS_deep2_8096,0.05519716,0.3952528,0.23178822,0.04790841,0.2698534
GDS_deep2_8104,0.1113033,0.66999584,0.1833226,0.021873228,0.013505001
GDS_deep2_8109,0.49413112,0.3285169,0.067450956,0.10716728,0.0027338339
GDS_deep2_8133,0.087273054,0.46774113,0.38523477,0.018338216,0.041412883
GDS_deep2_8135,0.59193397,0.3093138,0.033766,0.062931396,0.0020548117
GDS_deep2_8143,0.29363438,0.011119346,0.0023093075,0.69254756,0.00038933626
GDS_deep2_8154,0.16829287,0.5601259,0.24390404,0.018432653,0.009244484
GDS_deep2_8178,0.63503456,0.08660758,0.014825035,0.26214385,0.0013889298
GDS_deep2_8180,0.32765386,0.5813033,0.07726542,0.0126634305,0.0011139277
GDS_deep2_8187,0.1503108,0.62622726,0.20117952,0.016092297,0.006190085
GDS_deep2_8244,0.030406324,0.661628,0.27331796,0.005490861,0.029156866
GDS_deep2_8249,0.046291005,0.60041106,0.2691336,0.004558767,0.07960546
GDS_deep2_8253,0.6871798,0.15370648,0.015366253,0.14285308,0.0008944578
GDS_deep2_8262,0.14159985,0.037131608,0.05904025,0.27340657,0.48882177
GDS_deep2_8265,0.5360325,0.06803897,0.013462875,0.38069686,0.0017688836
GDS_deep2_8281,0.47903818,0.28905421,0.08537537,0.1416821,0.004850107
GDS_deep2_8298,0.1945845,0.55616087,0.19215095,0.024373634,0.032730058
GDS_deep2_8319,0.55590445,0.32324532,0.023390142,0.09571384,0.0017461891
GDS_deep2_8323,0.03730811,0.7595218,0.18309626,0.0042143334,0.015859557
GDS_deep2_8359,0.2279486,0.46544504,0.08239707,0.07265773,0.15155156
GDS_deep2_8366,0.037287552,0.7310639,0.20762594,0.0046637,0.01935891
GDS_deep2_8400,0.22039466,0.50351655,0.2451829,0.024600536,0.0063053234
GDS_deep2_8402,0.7459155,0.22574519,9.620842e-05,0.028241267,1.8380298e-06
GDS_deep2_8408,0.31510788,0.02034351,0.0056729857,0.65764844,0.0012271431
GDS_deep2_8471,0.28579003,0.5921721,0.105827644,0.012670298,0.003539906
GDS_deep2_8554,0.5617282,0.31943414,0.028473908,0.08585584,0.0045078998
GDS_deep2_8556,0.026565578,0.53786117,0.35506752,0.005698847,0.07480677
GDS_deep2_8572,0.50735664,0.4603969,0.015286072,0.016241007,0.0007193912
GDS_deep2_8588,0.25383332,0.5773537,0.13664603,0.028512768,0.0036541608
GDS_deep2_8671,0.08424486,0.6146842,0.29399645,0.002825996,0.004248452
GDS_deep2_8681,0.055331573,0.79293376,0.13745232,0.0063324627,0.007949936
GDS_deep2_8711,0.13807282,0.60365313,0.22802694,0.017802114,0.012445046
GDS_deep2_8725,0.18818781,0.8058103,0.003460916,0.0021915997,0.0003494648
GDS_deep2_8766,0.043948922,0.5655828,0.3398734,0.009666208,0.040928595
GDS_deep2_8794,0.07057598,0.64806163,0.27102423,0.0044907983,0.0058472822
GDS_deep2_8815,0.78170323,0.19540526,0.0029860493,0.01982967,7.575263e-05
GDS_deep2_8834,0.33520308,0.60794,0.035109274,0.02047143,0.0012762354
GDS_deep2_8850,0.5710918,0.3951729,0.0143122515,0.018613936,0.0008091882
GDS_deep2_8851,0.0456397,0.39985374,0.5042209,0.007089325,0.04319632
GDS_deep2_8908,0.043210596,0.8409887,0.10103702,0.0028559845,0.011907758
GDS_deep2_8947,0.5615485,0.18063267,0.04039322,0.21482098,0.0026046762
GDS_deep2_8958,0.036459796,0.8111712,0.13459584,0.005034261,0.012738921
GDS_deep2_8968,0.6128713,0.07812719,0.008148236,0.30007863,0.00077468675
GDS_deep2_8980,0.00065695436,0.67756957,0.04231568,3.3205324e-05,0.27942464
GDS_deep2_8987,0.27902964,0.71068275,0.004671901,0.0050976374,0.00051807583
GDS_deep2_8999,0.02849098,0.41944683,0.07315536,1.2462717e-05,0.47889432
GDS_deep2_9012,0.026973672,0.4061494,0.52666783,0.003946614,0.036262453
GDS_deep2_9015,0.50720805,0.47722584,0.005890886,0.00938189,0.00029332546
GDS_deep2_9054,0.47681928,0.34455806,0.055477224,0.12009565,0.0030498146
GDS_deep2_9060,0.7288116,0.22235405,0.0017769487,0.046998546,5.879153e-05
GDS_deep2_9071,0.26849967,0.5999869,0.10631004,0.021713171,0.0034901383
GDS_deep2_9073,0.0205231,5.622991e-06,1.638198e-08,0.97947127,2.5070007e-10
GDS_deep2_9081,0.5739175,0.084373824,0.015201246,0.32481313,0.0016942495
GDS_deep2_9121,0.35680613,0.5473003,0.05737972,0.03691638,0.0015974214
GDS_deep2_9136,0.033766065,0.59455866,0.27783015,0.010986536,0.08285853
GDS_deep2_9216,0.5994919,0.1376469,0.027344245,0.23006195,0.0054549673
GDS_deep2_9226,0.03471068,0.6058383,0.3352302,0.0032291873,0.020991623
GDS_deep2_9229,0.31549066,0.55225897,0.10756762,0.017982153,0.006700527
GDS_deep2_9246,0.024369005,0.41427693,0.54174215,0.0023582855,0.017253557
GDS_deep2_9265,0.37859368,0.37582147,0.11968567,0.1142202,0.011678927
GDS_deep2_9267,0.08498115,0.56560534,0.2828508,0.02503875,0.0415239
GDS_deep2_9274,0.00086647045,4.1196646e-09,1.8237227e-13,0.9991335,1.936746e-16
GDS_deep2_9317,0.44120324,0.36144474,0.08106043,0.11277024,0.0035213714
GDS_deep2_9319,0.1210351,0.30388153,0.5032399,0.03349359,0.03834983
GDS_deep2_9321,0.16097674,0.7302732,0.10121401,0.005137251,0.0023988218
GDS_deep2_9341,0.47636244,0.40691525,0.08300237,0.032072905,0.0016470709
GDS_deep2_9351,0.05523032,0.7264803,0.20149395,0.005706055,0.011089345
GDS_deep2_9381,0.3050831,0.56480235,0.110382564,0.01784084,0.0018911555
GDS_deep2_9403,0.031607367,0.858128,0.09186487,0.0022592915,0.016140416
GDS_deep2_9406,0.30948663,0.1210337,0.38704824,0.11809228,0.064339094
GDS_deep2_9423,4.1687754e-06,9.470451e-22,4.5151966e-32,0.9999958,0.0
GDS_deep2_9428,0.034806877,0.7829166,0.17137659,0.0027919093,0.008107983
GDS_deep2_9431,0.42039198,0.42000112,0.09258314,0.06443457,0.0025891769
GDS_deep2_9448,0.057694003,0.8916554,0.045980074,0.0024464685,0.0022240633
GDS_deep2_9452,0.03711665,0.47050673,0.34430593,0.013902353,0.13416834
GDS_deep2_9467,0.48005173,0.059692375,0.014409931,0.44393027,0.0019157574
GDS_deep2_9470,0.06364228,0.5319546,0.34143668,0.010046298,0.052920166
GDS_deep2_9498,0.24992333,0.5876696,0.12875292,0.030611353,0.0030426637
GDS_deep2_9516,0.06550087,0.9123831,0.01833979,0.0020405445,0.0017356913
GDS_deep2_9526,0.17363793,0.5299559,0.26856366,0.018450493,0.009391982
GDS_deep2_9530,0.03736255,0.77558154,0.17669784,0.0023883635,0.007969796
GDS_deep2_9557,0.23605199,0.6104679,0.12917635,0.018344006,0.005959776
GDS_deep2_9563,0.4373232,0.34010333,0.16705807,0.050835475,0.0046798745
GDS_deep2_9576,0.6369992,0.36257324,7.463827e-05,0.00035254707,3.9481887e-07
GDS_deep2_9581,0.20589696,0.55252826,0.21398282,0.016000183,0.011591842
GDS_deep2_9659,0.20893633,0.6873394,0.09688328,0.005702595,0.0011383491
GDS_deep2_9676,0.12220236,0.8134535,0.054374207,0.007947133,0.0020228634
GDS_deep2_9677,0.46240553,0.28444114,0.10445931,0.13727482,0.011419195
GDS_deep2_9689,0.13029063,0.65594953,0.18144943,0.02265362,0.009656842
GDS_deep2_9691,0.4702733,0.28330535,0.08316413,0.15802579,0.0052314433
GDS_deep2_9695,0.042408913,0.6559227,0.29548487,0.0019252191,0.0042582783
GDS_deep2_9697,0.6172627,0.33638945,0.009356042,0.036436845,0.0005548788
GDS_deep2_9706,0.52636594,0.1409405,0.028617248,0.30035275,0.0037235906
GDS_deep2_9718,0.016723933,0.41003585,0.4797677,0.0035572017,0.0899153
GDS_deep2_9730,0.52203226,0.06937812,0.013826196,0.392892,0.0018714796
GDS_deep2_9757,0.12310758,0.5406981,0.31509835,0.0077759973,0.013319952
GDS_deep2_9781,0.3989613,0.2941861,0.07825235,0.21319234,0.0154079115
GDS_deep2_9794,0.07071257,0.36875832,0.5297708,0.009748979,0.021009326
GDS_deep2_9795,0.046948757,0.8299666,0.11886604,0.00153629,0.0026822875
GDS_deep2_9843,0.32432768,0.53234047,0.11312947,0.021476174,0.008726278
GDS_deep2_9849,0.050573505,0.87400705,0.06941014,0.0020078728,0.0040014307
GDS_deep2_9861,0.33967292,0.038229074,0.011447357,0.60779744,0.002853144
GDS_deep2_9866,0.20857994,0.6376865,0.13418964,0.017314851,0.002229023
GDS_deep2_9879,0.09316326,0.8117249,0.07604306,0.01258417,0.006484522
GDS_deep2_9895,0.027436513,0.9713217,0.0011498776,5.649509e-05,3.5381887e-05
GDS_deep2_9904,0.09605572,0.75325245,0.12867957,0.012162432,0.009849865
GDS_deep2_9914,0.41606507,0.48687664,0.04874874,0.04629264,0.0020169518
GDS_deep2_9938,0.033810377,0.5371958,0.36371762,0.005716328,0.059559885
GDS_deep2_9951,0.19491464,0.6994542,0.09078544,0.012829473,0.0020162268
GDS_deep2_9953,0.050577655,0.6619045,0.26114815,0.008296277,0.018073421
GDS_ers2_10004,0.03571341,0.5799775,0.306816,0.010281361,0.06721174
GDS_ers2_10137,0.16642869,0.73121744,0.076671205,0.02186589,0.0038167266
GDS_ers2_10151,0.3304028,0.6117776,0.04176962,0.015308997,0.0007410664
GDS_ers2_10175,0.15938503,0.64068484,0.170204,0.022202605,0.0075235544
GDS_ers2_10203,0.55246127,0.22886613,0.030753324,0.1861296,0.0017896954
GDS_ers2_10374,0.4001198,0.44652477,0.08547033,0.06542543,0.0024596516
GDS_ers2_10589,0.033069752,0.50863254,0.31172946,0.01416723,0.13240105
GDS_ers2_10600,0.44416684,0.4554063,0.0659815,0.033059936,0.0013854711
GDS_ers2_10612,0.06637553,0.5754464,0.29375347,0.019090855,0.045333754
GDS_ers2_10667,0.47853476,0.20901608,0.03402699,0.27044055,0.00798167
GDS_ers2_10737,0.24941927,0.6085012,0.089004956,0.048105247,0.0049693724
GDS_ers2_10826,0.21678475,0.6952169,0.068453334,0.015795223,0.0037498164
GDS_ers2_10859,0.21918984,0.009104686,0.0025938072,0.7686634,0.00044827332
GDS_ers2_10935,2.768772e-19,0.0,0.0,1.0,0.0
GDS_ers2_10962,0.17876181,0.5189492,0.2772481,0.011974855,0.013066045
GDS_ers2_10987,0.24485435,0.67521656,0.06952459,0.008681775,0.0017226816
GDS_ers2_11000,0.61734456,0.36601403,0.0072431257,0.0091518825,0.0002464729
GDS_ers2_11073,0.034754593,0.55465096,0.39051774,0.0038024238,0.016274245
GDS_ers2_11123,0.045262605,0.41629496,0.3012557,0.026221562,0.21096519
GDS_ers2_11134,0.08339443,0.47337526,0.22176437,0.05312567,0.16834022
GDS_ers2_11147,0.1359403,0.8148585,0.040336095,0.00703271,0.0018324675
GDS_ers2_11219,0.16210286,0.7254712,0.10044981,0.009777166,0.0021989897
GDS_ers2_11237,0.3381574,0.56235254,0.07066815,0.026629392,0.0021925298
GDS_ers2_11347,0.39884272,0.40095174,0.04708336,0.13730524,0.015817031
GDS_ers2_11359,0.123833895,0.40089655,0.28959584,0.029744647,0.15592907
GDS_ers2_11363,0.04916719,0.15005665,0.26547313,0.044354457,0.4909486
GDS_ers2_11388,0.09560638,0.5978587,0.20427594,0.044550646,0.057708282
GDS_ers2_11448,0.2293017,0.69164973,0.07250046,0.005370065,0.0011780565
GDS_ers2_11449,0.07833177,0.22764121,0.4518121,0.046837732,0.19537716
GDS_ers2_11455,0.48909956,0.40535453,0.07625951,0.028223483,0.0010629273
GDS_ers2_11484,0.31729776,0.57495695,0.0878843,0.017505763,0.002355203
GDS_ers2_11656,0.026666038,0.64610547,0.28995672,0.0031587104,0.03411311
GDS_ers2_11693,0.13576023,0.6828006,0.13729511,0.031992897,0.012151116
GDS_ers2_11718,0.016393637,0.28506422,0.45390615,0.009228807,0.23540711
GDS_ers2_11784,0.45328254,0.36797497,0.05096733,0.12404051,0.0037347425
GDS_ers2_11821,0.027667897,0.5828855,0.32142454,0.006498977,0.06152316
GDS_ers2_11844,0.20422596,0.5363804,0.18572508,0.028750625,0.04491787
GDS_ers2_11884,0.06614475,0.65100724,0.2766756,0.0032260371,0.0029463405
GDS_ers2_11893,0.035621937,0.6484395,0.30042148,0.0020821237,0.013434867
GDS_ers2_11895,0.046086665,0.39226556,0.45378777,0.015278326,0.09258167
GDS_ers2_11914,0.5844264,0.1534364,0.017386382,0.24132298,0.0034277828
GDS_ers2_11945,0.075580426,0.47125608,0.4337423,0.0055104475,0.013910694
GDS_ers2_11967,0.05325414,0.5517552,0.34213707,0.011242551,0.041611087
GDS_ers2_11979,0.11067205,0.7140104,0.14561445,0.018819025,0.010884077
GDS_ers2_11995,0.53505135,0.45793885,0.0019672636,0.004974131,6.8416746e-05
GDS_ers2_11998,0.6640091,0.1330878,0.006888498,0.1952989,0.0007157278
GDS_ers2_12010,0.37894145,0.42276922,0.12073858,0.07245024,0.0051005813
GDS_ers2_12127,0.17503107,0.5429041,0.17895155,0.068647966,0.034465328
GDS_ers2_12133,0.30529812,0.5030157,0.12690157,0.059352912,0.0054316963
GDS_ers2_12146,0.15066163,0.5735369,0.2577358,0.011708132,0.006357538
GDS_ers2_12168,0.4282248,0.397006,0.094597414,0.07530531,0.004866439
GDS_ers2_12207,0.39772862,0.52399033,0.032341618,0.042287022,0.003652433
GDS_ers2_12230,0.3930817,0.35187003,0.077264756,0.16825964,0.009523931
GDS_ers2_12239,0.05960983,0.3066246,0.5645907,0.009839943,0.059335005
GDS_ers2_12278,0.7488087,0.15554114,8.0968056e-07,0.09564936,4.044237e-09
GDS_ers2_12308,0.17200412,0.6591381,0.15595295,0.009381477,0.0035232834
GDS_ers2_12366,0.03795191,0.6476494,0.2813474,0.006957971,0.026093328
GDS_ers2_12433,0.75062335,0.1644327,0.005849965,0.07883301,0.0002609522
GDS_ers2_12440,0.17255187,0.5808075,0.17588475,0.024577562,0.04617832
GDS_ers2_12443,0.023257365,0.3188108,0.38712505,0.014113036,0.25669372
GDS_ers2_12477,0.054222245,0.857001,0.08065526,0.0023180959,0.0058033224
GDS_ers2_12480,0.4139283,0.28998393,0.17535295,0.08816581,0.03256908
GDS_ers2_12500,0.33778754,0.4605177,0.100722454,0.093234606,0.0077377907
GDS_ers2_12505,0.55134076,0.19585639,0.04454212,0.20523736,0.0030233823
GDS_ers2_12532,0.63673705,0.22223291,0.016184047,0.123016216,0.0018297645
GDS_ers2_12551,0.53841203,0.4389891,0.0051467973,0.017083671,0.00036827198
GDS_ers2_12557,0.35780874,0.5690801,0.030243468,0.0388483,0.0040194523
GDS_ers2_12578,0.050828613,0.52056736,0.41205382,0.0029776697,0.0135725755
GDS_ers2_12588,0.1107434,0.6366436,0.24033107,0.006800044,0.005481954
GDS_ers2_12590,0.03530953,0.7776019,0.17978516,0.0022757475,0.005027695
GDS_ers2_12592,0.31954706,0.5621585,0.09385626,0.017807033,0.0066310954
GDS_ers2_12600,0.038610782,0.6520994,0.29575828,0.0039072563,0.009624334
GDS_ers2_12604,0.045514837,0.19688159,0.13237907,0.046405744,0.5788188
GDS_ers2_12608,0.25705245,0.6826763,0.048205364,0.010336254,0.0017295858
GDS_ers2_12635,0.37080717,0.47973347,0.086094394,0.060021956,0.0033430783
GDS_ers2_12672,0.0636457,0.84202546,0.08645302,0.0034782707,0.0043975
GDS_ers2_12713,0.41768712,0.5345201,0.028076366,0.017547052,0.002169472
GDS_ers2_12735,0.25092122,0.66323084,0.05881966,0.025146805,0.0018814725
GDS_ers2_12747,0.06522172,0.6051325,0.30107802,0.012228735,0.016339052
GDS_ers2_12765,0.16829535,0.15877168,0.17195183,0.15299706,0.34798405
GDS_ers2_12807,0.034193456,0.8089378,0.14285989,0.004043545,0.009965398
GDS_ers2_12831,0.06961996,0.63938963,0.2692991,0.0044583324,0.017233036
GDS_ers2_12838,0.21908428,0.7180617,0.043840073,0.017746631,0.0012672994
GDS_ers2_12841,0.3410752,0.024015846,0.008177013,0.6251423,0.0015896409
GDS_ers2_12897,0.5545436,0.39745304,0.0046193637,0.042951908,0.0004320417
GDS_ers2_12906,0.26691598,0.5527864,0.0921024,0.07677642,0.011418889
GDS_ers2_12921,0.23154698,0.592096,0.1035833,0.06180234,0.010971381
GDS_ers2_12967,0.46012405,0.38799155,0.055349573,0.09404809,0.0024866906
GDS_ers2_12986,0.35522524,0.49581864,0.053717844,0.09071116,0.0045272135
GDS_ers2_13000,0.23512007,0.6659363,0.08441916,0.010173527,0.004350869
GDS_ers2_13013,0.7438738,0.19500533,0.01312982,0.0473367,0.00065440324
GDS_ers2_13035,0.022150273,0.3763618,0.38050523,0.006688945,0.2142938
GDS_ers2_13056,0.17087783,0.66079664,0.15994795,0.0055546327,0.0028230015
GDS_ers2_13072,0.09948014,0.5614077,0.24148928,0.04218436,0.055438545
GDS_ers2_13113,0.0624272,0.46759814,0.4313384,0.005814424,0.03282183
GDS_ers2_13124,0.08142436,0.28356513,0.6119623,0.0067015826,0.016346665
GDS_ers2_13133,0.22569726,0.41591835,0.31729534,0.03495968,0.0061293715
GDS_ers2_13152,0.048035868,0.8586847,0.08928284,0.0018121433,0.002184475
GDS_ers2_13172,0.20554395,0.53606355,0.13594857,0.08185708,0.040586855
GDS_ers2_13178,0.10536349,0.8368985,0.052743707,0.0028272234,0.0021670552
GDS_ers2_13183,0.08249863,0.75214624,0.13972701,0.013061089,0.012567083
GDS_ers2_13217,0.074362054,0.6453618,0.24461551,0.008892616,0.026768047
GDS_ers2_13246,0.17703909,0.5642492,0.1931808,0.037600268,0.027930576
GDS_ers2_13252,0.1690132,0.73868716,0.07199464,0.017846493,0.0024584727
GDS_ers2_13293,0.02789138,0.5966902,0.3146502,0.007529887,0.053238396
GDS_ers2_13303,0.1867511,0.71858466,0.090196565,0.0036410957,0.0008266675
GDS_ers2_13324,0.029789235,0.59896135,0.3269136,0.005639421,0.038696382
GDS_ers2_13392,0.23856673,0.57368934,0.12987503,0.051190604,0.006678309
GDS_ers2_13403,0.21557148,0.55712694,0.16799267,0.04783262,0.01147632
GDS_ers2_13431,0.03451216,0.31948143,0.36872733,0.017870527,0.25940856
GDS_ers2_13456,0.3942014,0.36437494,0.11649997,0.11837787,0.0065458226
GDS_ers2_13500,0.037500452,0.61978483,0.2794067,0.009159288,0.05414876
GDS_ers2_13527,0.5532351,0.36425188,0.036305547,0.04433402,0.0018734015
GDS_ers2_13531,0.048374545,0.6745877,0.24598826,0.007087203,0.023962265
GDS_ers2_13563,0.0455314,0.3141193,0.5893634,0.011825107,0.039160848
GDS_ers2_13575,0.12373596,0.85859776,0.014269045,0.0025325094,0.00086474564
GDS_ers2_13587,0.13195619,0.66772026,0.16235015,0.02417716,0.013796214
GDS_ers2_13590,0.4074325,0.51519376,0.05921593,0.015252841,0.002904975
GDS_ers2_13603,2.8233502e-18,0.0,0.0,1.0,0.0
GDS_ers2_13658,0.09606602,0.75040245,0.14826785,0.0031652516,0.0020984279
GDS_ers2_13671,0.46720725,0.36499053,0.023209393,0.12829714,0.016295707
GDS_ers2_13693,0.5101332,0.18396378,0.047156014,0.25445572,0.0042912746
GDS_ers2_13717,0.4498647,0.2670487,0.06815184,0.19787773,0.017057095
GDS_ers2_13730,0.6128281,0.33519953,0.0037999612,0.047893748,0.0002786137
GDS_ers2_13777,0.57973653,0.2513219,0.08328625,0.078927554,0.0067277844
GDS_ers2_13780,0.06740957,0.60696214,0.29044527,0.014706404,0.020476704
GDS_ers2_13792,0.06440834,0.9344126,0.00039499596,0.00071087544,7.313585e-05
GDS_ers2_13807,0.075784616,0.81523013,0.10165499,0.0029056615,0.0044245287
GDS_ers2_13815,0.19513844,0.4578722,0.23364031,0.059778806,0.0535703
GDS_ers2_13819,0.1115348,0.8025173,0.073994555,0.008335458,0.0036179808
GDS_ers2_13836,0.061853338,0.6512631,0.26198915,0.0072882343,0.017606169
GDS_ers2_13838,0.092876576,0.7392666,0.15568472,0.006698331,0.0054738685
GDS_ers2_13850,0.078757964,0.7737509,0.13142249,0.0084962975,0.0075724176
GDS_ers2_13899,0.5666168,0.06746423,0.009917834,0.35491768,0.0010834344
GDS_ers2_13906,0.119924515,0.6720239,0.19706199,0.00637527,0.0046143103
GDS_ers2_13918,0.083830714,0.6410119,0.2185917,0.024619285,0.0319464
GDS_ers2_13936,0.32356945,0.41880116,0.15518409,0.0941933,0.008252102
GDS_ers2_13981,0.094004266,0.80573857,0.09368001,0.004765946,0.0018111224
GDS_ers2_13994,0.0325098,0.60687757,0.30846766,0.00802164,0.04412335
GDS_ers2_14019,0.67338,0.276353,0.008564042,0.04124872,0.00045423617
GDS_ers2_14027,0.02486518,0.7060241,0.22243214,0.0044094957,0.042269073
GDS_ers2_14051,0.045307625,0.7709636,0.17878361,0.0014475681,0.0034975305
GDS_ers2_14062,0.26762775,0.6746282,0.042249363,0.012307681,0.0031870399
GDS_ers2_14067,0.05375346,3.7302937e-06,2.3277886e-08,0.9462428,2.366975e-10
GDS_ers2_14078,0.03409724,0.8432744,0.10602354,0.003940094,0.012664687
GDS_ers2_14102,0.65693164,0.26132143,0.01842205,0.061989613,0.0013352257
GDS_ers2_14149,0.07336981,0.19841872,0.6949817,0.011510548,0.021719245
GDS_ers2_14153,0.3682066,0.42718622,0.12014731,0.07889525,0.005564597
GDS_ers2_14165,0.5318871,0.089828715,0.033776816,0.34164858,0.0028587698
GDS_ers2_14176,0.19810265,0.5903128,0.15939626,0.04319531,0.008992991
GDS_ers2_14180,0.5242275,0.27302065,0.045466363,0.15455213,0.002733285
GDS_ers2_14201,0.04811279,0.88975555,0.05776466,0.0025349131,0.0018320729
GDS_ers2_14230,0.23635931,0.6494451,0.095304266,0.016248029,0.002643243
GDS_ers2_14256,0.22412418,0.6197481,0.11065944,0.039366078,0.006102183
GDS_ers2_14315,0.0049210815,2.0659696e-09,6.0354018e-12,0.9950789,4.3232668e-15
GDS_ers2_14318,0.56334734,0.2124581,0.048471883,0.16828264,0.0074400506
GDS_ers2_14336,0.33486113,0.029577699,0.009004609,0.6242845,0.0022719826
GDS_ers2_14338,0.2532756,0.19467555,0.19384284,0.1809329,0.17727308
GDS_ers2_14343,0.32533875,0.36788422,0.13094649,0.15499106,0.020839466
GDS_ers2_14345,0.0384435,0.7766604,0.16844705,0.0049793464,0.011469706
GDS_ers2_14367,0.1524125,0.696916,0.12561007,0.02094317,0.004118252
GDS_ers2_14394,0.07353515,0.6926416,0.22450863,0.0035141562,0.005800473
GDS_ers2_14414,0.025374282,0.74457854,0.2227552,0.001192037,0.00609988
GDS_ers2_14419,0.043819673,0.7400565,0.20559742,0.003876256,0.006650061
GDS_ers2_14423,0.035475276,0.07655122,0.14799464,0.04958213,0.6903968
GDS_ers2_14480,0.036922794,0.9045348,0.049951956,0.00268385,0.005906495
GDS_ers2_14481,0.25254068,0.52879435,0.15776798,0.053790413,0.0071066176
GDS_ers2_14497,0.22969605,0.6920686,0.051698275,0.022460496,0.0040766406
GDS_ers2_14516,0.16989279,0.61426085,0.19893062,0.008903524,0.008012231
GDS_ers2_14523,0.30047044,0.50359976,0.17001899,0.022271845,0.0036390005
GDS_ers2_14529,0.021439511,0.9031249,0.0685,0.0010072084,0.0059284437
GDS_ers2_14568,0.5847428,0.24557637,0.0483616,0.11669622,0.004622992
GDS_ers2_14573,0.2050723,0.69305867,0.093017876,0.007211599,0.0016395788
GDS_ers2_14580,0.4300707,0.37616807,0.063664906,0.12495773,0.0051384927
GDS_ers2_14581,0.482999,0.25183842,0.0416562,0.21881978,0.00468653
GDS_ers2_14612,0.5697799,0.29218963,0.05236827,0.082790054,0.0028722007
GDS_ers2_14621,0.5147633,0.43133247,0.027299685,0.024829995,0.0017745974
GDS_ers2_14640,0.08633212,0.81837,0.08892709,0.004366621,0.0020042486
GDS_ers2_14644,0.14696343,0.7496463,0.08562428,0.00798681,0.009779156
GDS_ers2_14668,0.2808861,0.5459354,0.15530403,0.015495519,0.0023789646
GDS_ers2_14693,0.49439403,0.30348635,0.05512265,0.14370826,0.0032888246
GDS_ers2_14740,0.3317869,0.36604983,0.1284866,0.15120712,0.02246961
GDS_ers2_14748,0.07594635,0.3430273,0.5690774,0.0053561935,0.006592737
GDS_ers2_14770,0.04546306,0.88273185,0.064653195,0.0037963958,0.0033554428
GDS_ers2_14817,0.25484937,0.5948401,0.09890802,0.046879873,0.00452258
GDS_ers2_14821,0.024092026,0.51503885,0.43723541,0.0021664049,0.02146732
GDS_ers2_14823,0.09964104,0.68306804,0.19513944,0.009468075,0.012683478
GDS_ers2_14826,0.10360842,0.67146236,0.20463014,0.008748417,0.011550653
GDS_ers2_14854,0.28107363,0.5774736,0.08057962,0.056400552,0.0044725374
GDS_ers2_14869,0.5087696,0.22580352,0.05949608,0.20146433,0.0044665015
GDS_ers2_14878,0.0694955,0.6478456,0.25996378,0.009864688,0.01283038
GDS_ers2_14903,0.13879186,0.72307914,0.11765244,0.016456544,0.004020042
GDS_ers2_14905,0.4373515,0.17269023,0.08975732,0.2538914,0.046309594
GDS_ers2_14911,0.38826805,0.022749333,0.00020194781,0.5887558,2.4833338e-05
GDS_ers2_14919,0.49648297,0.39418057,0.04896334,0.05649783,0.0038752402
GDS_ers2_14961,0.026515853,0.64008695,0.30038446,0.0036527407,0.029360102
GDS_ers2_14987,0.039536614,0.31952393,0.5841346,0.0049257595,0.05187922
GDS_ers2_14999,0.031352032,0.2723566,0.4382815,0.010869517,0.24714041
GDS_ers2_15043,0.3195772,0.5442793,0.08316227,0.049616873,0.0033643544
GDS_ers2_15052,0.033547312,0.8414977,0.11065108,0.0033055,0.010998449
GDS_ers2_15057,0.55228204,0.09852964,0.02417228,0.32210878,0.0029072438
GDS_ers2_15096,0.6238028,0.14113884,0.00726928,0.22673647,0.0010525979
GDS_ers2_15098,0.18186808,0.61104196,0.15695672,0.03994765,0.01018566
GDS_ers2_15099,0.1143359,0.80664206,0.07335641,0.004342358,0.0013232485
GDS_ers2_15108,0.44737825,0.493931,0.04099755,0.016535971,0.0011572782
GDS_ers2_15112,0.79236364,0.20544907,0.00014821763,0.0020380314,1.0032694e-06
GDS_ers2_15123,0.2733292,0.5913714,0.08120142,0.050242327,0.0038555989
GDS_ers2_15157,0.11204786,0.17046864,0.5894384,0.044735845,0.083309256
GDS_ers2_15212,0.5513341,0.31695807,0.031145861,0.097828604,0.0027333323
GDS_ers2_15213,0.44988978,0.45839012,0.06524316,0.025441065,0.0010359245
GDS_ers2_15278,0.094173536,0.30744624,0.55639464,0.022352034,0.019633513
GDS_ers2_15285,0.48644742,0.31727517,0.06604174,0.12533966,0.0048960433
GDS_ers2_15287,0.16592999,0.7671538,0.0573181,0.008110822,0.001487255
GDS_ers2_15308,0.2991504,0.50330395,0.12970366,0.06155461,0.0062873643
GDS_ers2_15327,0.045940794,0.67740643,0.25838992,0.005093552,0.013169189
GDS_ers2_15376,0.42362618,0.4447393,0.07347609,0.056436215,0.0017221669
GDS_ers2_15380,0.17893577,0.50691676,0.29578793,0.013978472,0.004381024
GDS_ers2_15417,0.06132187,0.7376464,0.19002122,0.0033765214,0.007634039
GDS_ers2_15418,0.15701373,0.68845946,0.14183465,0.0072475537,0.00544456
GDS_ers2_15433,0.4502072,0.28732783,0.07469006,0.17945412,0.008320783
GDS_ers2_15437,0.019009825,0.7154293,0.2561683,0.0011920228,0.008200544
GDS_ers2_15447,0.5809099,0.29699165,0.034489863,0.08625579,0.0013528273
GDS_ers2_15455,0.42116943,0.5290825,0.03306693,0.015610367,0.0010707766
GDS_ers2_15465,0.36730844,0.47157207,0.094342716,0.061870936,0.004905828
GDS_ers2_15472,0.5136016,0.32239363,0.052624933,0.10578767,0.0055921855
GDS_ers2_15510,0.22108597,0.64807415,0.11507887,0.010104834,0.005656205
GDS_ers2_15516,0.48848817,0.23472212,0.056560405,0.21321008,0.007019222
GDS_ers2_15519,0.0368297,0.7213467,0.18317164,0.010048467,0.04860353
GDS_ers2_15520,0.090169646,0.6696232,0.22176754,0.008183397,0.010256241
GDS_ers2_15580,0.22023314,0.708729,0.05690997,0.00830722,0.0058206962
GDS_ers2_15581,0.054228906,0.357281,0.1538208,0.022834895,0.41183445
GDS_ers2_15582,0.6887758,0.31006974,0.000136894,0.0010164723,1.0267261e-06
GDS_ers2_15612,0.08203055,0.5130044,0.36613083,0.0085916165,0.030242642
GDS_ers2_15621,0.09400226,0.8613773,0.04046045,0.0031000592,0.0010600284
GDS_ers2_15631,0.010565974,0.20570642,0.18353571,0.009643273,0.59054863
GDS_ers2_15633,0.6450689,0.35442048,7.0217626e-05,0.00044021747,2.046275e-07
GDS_ers2_15641,0.025157036,0.4835615,0.3493811,0.009267516,0.13263284
GDS_ers2_15679,0.08273221,0.87779486,0.035697617,0.0025910547,0.0011843384
GDS_ers2_15732,0.26086366,0.009993751,0.0018475925,0.726986,0.00030893675
GDS_ers2_15740,0.24941249,0.58290535,0.08336139,0.074264035,0.010056737
GDS_ers2_15798,0.08260872,0.80805314,0.10252868,0.0043816804,0.0024278136
GDS_ers2_15800,0.32070488,0.039142255,0.009892715,0.6261975,0.0040625785
GDS_ers2_15825,0.10715634,0.6871936,0.18813238,0.011406306,0.0061114607
GDS_ers2_15843,0.08147038,0.42970544,0.27338648,0.04973223,0.16570553
GDS_ers2_15852,0.03204981,0.36800972,0.3388823,0.018725028,0.24233307
GDS_ers2_15883,0.22963566,0.39173213,0.29094112,0.03630559,0.051385444
GDS_ers2_15963,0.17095149,0.0014365602,7.043818e-05,0.8275352,6.293667e-06
GDS_ers2_15994,0.08025916,0.7334576,0.16724327,0.009173756,0.009866175
GDS_ers2_16002,0.12172948,0.4211851,0.28453597,0.06269572,0.10985377
GDS_ers2_16017,0.06591154,0.414972,0.47873187,0.0067507084,0.0336339
GDS_ers2_16029,0.10349831,0.5769095,0.30353573,0.005642905,0.010413586
GDS_ers2_16033,0.0637419,0.14129658,0.7436364,0.017323049,0.034002017
GDS_ers2_16045,0.4672875,0.06384014,0.013974549,0.45255923,0.0023385608
GDS_ers2_16047,0.013124038,6.2520846e-09,1.31902805e-11,0.986876,9.356792e-15
GDS_ers2_16053,0.14128226,0.69060254,0.15674824,0.006299814,0.0050671725
GDS_ers2_16079,0.034227863,0.9181848,0.044094037,0.0012667052,0.0022265657
GDS_ers2_16087,0.23580527,0.6058198,0.12846649,0.024787247,0.0051210974
GDS_ers2_16101,0.0747596,0.6234817,0.29131398,0.003357448,0.0070873336
GDS_ers2_16103,0.61670035,0.1011793,0.02180313,0.2581332,0.0021840304
GDS_ers2_16138,0.29887876,0.55017376,0.12254814,0.02482642,0.0035729986
GDS_ers2_16169,0.30682108,0.027839625,0.0057326173,0.658394,0.001212799
GDS_ers2_16204,0.17830655,0.6138285,0.19145551,0.009905074,0.006504451
GDS_ers2_16209,0.47528479,0.22945908,0.13562226,0.1472874,0.012346415
GDS_ers2_16227,0.14436272,0.6889302,0.117718786,0.033882126,0.015106146
GDS_ers2_16228,0.1859595,0.77560604,0.030926876,0.0055585587,0.0019490673
GDS_ers2_16239,0.108336054,0.69037926,0.17599176,0.017484978,0.007807902
GDS_ers2_16265,0.06009911,0.7927516,0.13145001,0.008105506,0.0075937035
GDS_ers2_16286,0.1675259,0.63983774,0.12086397,0.051963814,0.019808559
GDS_ers2_16310,0.109213635,0.33158213,0.15194625,0.09217748,0.3150805
GDS_ers2_16348,0.33670792,0.037240535,0.011398276,0.6120718,0.002581384
GDS_ers2_16389,0.3520269,0.53138095,0.08241079,0.027378606,0.0068027168
GDS_ers2_16397,0.5872828,0.35948646,0.019235225,0.03246244,0.0015331213
GDS_ers2_16405,0.05362772,0.8935456,0.0491289,0.0020814724,0.0016162924
GDS_ers2_16406,0.33705705,0.45754474,0.14985158,0.050448306,0.0050984225
GDS_ers2_16413,0.467529,0.29822448,0.08386738,0.14644471,0.00393447
GDS_ers2_16434,0.18106692,0.63925886,0.12957804,0.02066166,0.029434595
GDS_ers2_16445,0.23161498,0.30212235,0.34615326,0.08342158,0.036687866
GDS_ers2_16495,0.7112013,0.28724712,0.00034303282,0.0012058835,2.6048147e-06
GDS_ers2_16528,0.3844815,0.42804375,0.07584708,0.10630759,0.005320008
GDS_ers2_16559,0.06326817,0.23355615,0.6889257,0.005142601,0.009107441
GDS_ers2_16603,0.5815774,0.29082054,0.032432355,0.09283381,0.0023359158
GDS_ers2_16642,0.121466115,0.7849487,0.086207286,0.004704487,0.002673403
GDS_ers2_16670,0.024321599,0.5934848,0.30615434,0.0059864805,0.07005278
GDS_ers2_16679,0.36681932,0.2811962,0.08513303,0.24483363,0.022017676
GDS_ers2_16703,0.06453407,0.6378124,0.27258798,0.009300435,0.01576508
GDS_ers2_16704,0.34082878,0.5386485,0.08740104,0.031204117,0.0019175574
GDS_ers2_16728,0.04360783,0.59656614,0.33845603,0.0031438775,0.018226067
GDS_ers2_16748,0.11023344,0.66091084,0.22252324,0.0033638643,0.0029685814
GDS_ers2_16760,0.07502701,0.56292456,0.33562687,0.0060738423,0.020347763
GDS_ers2_16761,0.04209348,0.33948553,0.24871345,0.02784651,0.341861
GDS_ers2_16766,0.48972288,0.31946024,0.070324056,0.11727138,0.0032213973
GDS_ers2_16772,0.41226777,0.33916873,0.10395667,0.13277473,0.01183216
GDS_ers2_16791,0.16234697,0.77597094,0.049270775,0.009958552,0.002452728
GDS_ers2_16812,0.1316667,0.45596448,0.28086552,0.058950443,0.07255291
GDS_ers2_16826,0.054837883,0.6815134,0.25230852,0.0024886087,0.008851487
GDS_ers2_16868,0.2577047,0.5836168,0.14314015,0.011933995,0.0036042994
GDS_ers2_16869,0.26876044,0.15981115,0.17703909,0.24774563,0.14664368
GDS_ers2_16883,0.31434697,0.519105,0.12292294,0.035992812,0.007632321
GDS_ers2_16884,0.2928954,0.48800588,0.10077656,0.08697778,0.031344462
GDS_ers2_16889,0.5561141,0.41448063,0.016844412,0.01183276,0.0007280194
GDS_ers2_16890,0.07704124,0.3078665,0.27119568,0.045520086,0.29837653
GDS_ers2_16910,0.17068167,0.5414507,0.2609557,0.013579918,0.01333212
GDS_ers2_16930,0.15405554,0.509167,0.2183314,0.061190147,0.057255894
GDS_ers2_16931,0.44024616,0.35133561,0.096199565,0.10423598,0.007982692
GDS_ers2_16944,0.030297093,0.3259559,0.6140427,0.0028632074,0.026841147
GDS_ers2_16945,0.51021564,0.42287207,0.03899732,0.026210379,0.0017045931
GDS_ers2_16954,0.049822632,0.7722969,0.1633882,0.0036742936,0.010817904
GDS_ers2_16955,0.22667752,0.008275932,0.0009706103,0.7639168,0.000159208
GDS_ers2_17016,0.4765329,0.3160517,0.01614313,0.18416047,0.0071118227
GDS_ers2_17028,0.2649242,0.33127272,0.3651549,0.02553467,0.013113468
GDS_ers2_17038,0.55461437,0.4273619,0.006447013,0.011286021,0.0002906753
GDS_ers2_17048,0.16085048,0.5977999,0.22459123,0.010608987,0.0061494214
GDS_ers2_17077,0.09453017,0.7413709,0.15413366,0.0045286044,0.005436653
GDS_ers2_17092,0.022769844,0.42246956,0.4937907,0.004242201,0.056727715
GDS_ers2_17110,0.00055580505,4.1834203e-09,4.3963828e-07,0.9994436,1.06211616e-07
GDS_ers2_17114,0.3906265,0.31104374,0.09642317,0.18036416,0.021542428
GDS_ers2_17125,0.1080768,0.6119099,0.024177236,0.030061597,0.22577444
GDS_ers2_17146,0.018724354,0.32246685,0.3684464,0.00994754,0.28041482
GDS_ers2_17167,0.12418711,0.73041755,0.13150194,0.0090519255,0.004841468
GDS_ers2_17170,0.6412263,0.35104483,0.0022983449,0.005380883,4.962725e-05
GDS_ers2_17174,0.10476337,0.21209326,0.032944076,0.112522356,0.5376769
GDS_ers2_17180,0.06745491,0.4448116,0.4135952,0.012782773,0.06135546
GDS_ers2_17194,0.08081662,0.70751965,0.19925368,0.0037467123,0.00866334
GDS_ers2_17196,0.1385336,0.44631317,0.32040232,0.04974778,0.045003086
GDS_ers2_17202,0.63582164,0.13246047,0.019803088,0.21039915,0.0015156395
GDS_ers2_17204,0.4898375,0.41510034,0.06176046,0.031259466,0.0020422952
GDS_ers2_17231,0.12953934,0.64460564,0.2035361,0.008625957,0.013692928
GDS_ers2_17292,0.30265364,0.5290332,0.07386817,0.08518094,0.009264076
GDS_ers2_17306,0.20484082,0.7430401,0.047215167,0.004215576,0.00068832294
GDS_ers2_17322,0.034224205,0.19081002,0.7494412,0.004745904,0.020778611
GDS_ers2_17325,0.15625055,0.6655729,0.17196444,0.0045508468,0.0016612494
GDS_ers2_17334,0.035053514,0.8685935,0.079523884,0.0029782539,0.013850828
GDS_ers2_17337,0.22239015,0.5625301,0.16411357,0.024379479,0.02658669
GDS_ers2_17381,0.38339898,0.15051769,0.07752687,0.3464994,0.04205706
GDS_ers2_17385,0.44021612,0.55555654,0.00011449713,0.004109709,3.1202985e-06
GDS_ers2_17386,0.023863155,0.68169475,0.27808735,0.0015023996,0.01485224
GDS_ers2_17406,0.022060525,0.6168922,0.3273812,0.0023347235,0.0313313
GDS_ers2_17412,0.37496787,0.29618865,0.16802172,0.14415504,0.016666748
GDS_ers2_17425,0.13744529,0.79597783,0.052480116,0.010001276,0.004095436
GDS_ers2_17429,0.07500646,0.7024291,0.15812768,0.021185745,0.04325106
GDS_ers2_17442,0.038320992,0.82153606,0.13393508,0.0015943527,0.004613496
GDS_ers2_17472,0.43299794,0.045506023,0.021572476,0.49708024,0.002843218
GDS_ers2_17501,0.59359443,0.27055642,0.04924596,0.083548136,0.0030550552
GDS_ers2_17503,0.62131566,0.23907174,0.032220293,0.10546122,0.0019310699
GDS_ers2_17531,0.007696081,9.667746e-07,5.284704e-10,0.992303,3.7411914e-12
GDS_ers2_17551,0.22092927,0.6157123,0.09393213,0.05963899,0.00978732
GDS_ers2_17585,0.051741555,0.72541654,0.21858996,0.0018172202,0.0024347191
GDS_ers2_17616,0.36667082,0.29090774,0.10338685,0.20860542,0.030429099
GDS_ers2_17642,0.21447377,0.5714064,0.15681513,0.026461007,0.03084373
GDS_ers2_17675,0.20508382,0.57997304,0.18879417,0.022455757,0.0036932612
GDS_ers2_17701,0.090797015,0.3691741,0.52328676,0.0055842544,0.011157899
GDS_ers2_17708,0.332447,0.4892396,0.13301781,0.042456307,0.0028393257
GDS_ers2_17748,0.043625202,0.7164788,0.21223803,0.0062377267,0.021420185
GDS_ers2_17751,0.0774122,0.48757932,0.4203185,0.00394994,0.010740046
GDS_ers2_17801,0.048777293,0.7862077,0.1528677,0.0032236832,0.008923585
GDS_ers2_17827,0.37148616,0.38223734,0.13905495,0.099926904,0.0072946087
GDS_ers2_17828,0.138,0.14802903,0.3104192,0.11131704,0.2922348
GDS_ers2_17890,0.11989954,0.7285805,0.11899945,0.022624344,0.009896298
GDS_ers2_17894,0.09787592,0.47144327,0.35576487,0.022349464,0.05256648
GDS_ers2_17895,0.13737547,0.73520064,0.093945615,0.018657079,0.014821146
GDS_ers2_9770,0.13544916,0.41584325,0.2256695,0.075028226,0.1480098
GDS_ers2_9777,0.11308107,0.3280828,0.13516966,0.07716266,0.34650382
GDS_ers2_9911,0.5579804,0.13492289,0.04643325,0.2576788,0.0029846635
GDS_wide2_1006,0.4294043,0.53398025,0.021117425,0.013650931,0.0018470978
GDS_wide2_1021,0.16459501,0.50926805,0.20117633,0.077792816,0.047167785
GDS_wide2_10325,0.49316996,0.09642838,0.018624743,0.3894329,0.0023439291
GDS_wide2_1043,0.535282,0.23530073,0.12752636,0.09339623,0.008494735
GDS_wide2_10451,0.18100101,0.4474613,0.3506444,0.011339442,0.009553761
GDS_wide2_1053,0.01815241,0.6460761,0.29468408,0.0022644943,0.038822945
GDS_wide2_10532,0.07302042,0.6703455,0.24650934,0.004745374,0.0053793644
GDS_wide2_10592,0.48053288,0.080466844,0.02280341,0.4122792,0.0039176866
GDS_wide2_10607,0.38242808,0.46658352,0.08015809,0.06700792,0.003822392
GDS_wide2_1061,0.4434708,0.41634604,0.069300465,0.06887562,0.002007102
GDS_wide2_10734,0.60618734,0.19290641,0.029829478,0.16876435,0.0023124511
GDS_wide2_10813,0.06706266,0.34555304,0.5662414,0.004720159,0.016422743
GDS_wide2_10814,0.04700969,0.14135206,0.14777894,0.06084365,0.6030157
GDS_wide2_10815,0.2712128,0.12956421,0.41091135,0.15167892,0.03663273
GDS_wide2_10847,0.53032863,0.25705332,0.036538884,0.17329441,0.0027847346
GDS_wide2_10874,0.41838625,0.04408863,0.010472197,0.52502644,0.002026469
GDS_wide2_11018,0.041896954,0.51182467,0.40817666,0.0068617193,0.031239942
GDS_wide2_11045,0.05441216,0.7534742,0.17598087,0.0056968555,0.010436041
GDS_wide2_11129,0.44413534,0.3807986,0.059026316,0.11250401,0.0035356577
GDS_wide2_11210,0.4406737,0.069779426,0.01427288,0.47256473,0.0027092192
GDS_wide2_11259,0.43592525,0.3275984,0.09115361,0.14057094,0.0047517507
GDS_wide2_11337,0.39555517,0.36439693,0.07175931,0.15381971,0.014468913
GDS_wide2_11517,0.20324191,0.004744238,0.0004100052,0.79155254,5.134658e-05
GDS_wide2_1154,0.021817142,0.8649593,0.10487097,0.0012440947,0.007108443
GDS_wide2_1157,0.05838796,0.57416475,0.31522262,0.008651833,0.043572932
GDS_wide2_11596,0.5163481,0.2552151,0.057957742,0.16734758,0.0031314183
GDS_wide2_1161,0.38554344,0.33210143,0.1018743,0.16929041,0.0111904275
GDS_wide2_11705,0.100429974,0.27433994,0.55262995,0.026991067,0.045608964
GDS_wide2_11739,0.026243458,0.74359566,0.21947178,0.0019317989,0.00875727
GDS_wide2_11780,0.10607539,0.4830814,0.24376287,0.06109986,0.105980545
GDS_wide2_1183,0.61651075,0.1556557,0.029064348,0.19720183,0.0015673424
GDS_wide2_11852,0.082560554,0.49958882,0.30796725,0.037003085,0.07288026
GDS_wide2_1193,0.06523259,0.7160973,0.19877727,0.007961187,0.011931649
GDS_wide2_11943,0.06820548,0.62505734,0.2970106,0.002731779,0.0069947946
GDS_wide2_120,0.10368936,0.68040836,0.20278151,0.007946007,0.005174704
GDS_wide2_12008,0.5861577,0.17144477,0.032119725,0.20775133,0.00252652
GDS_wide2_12094,0.10389414,0.52665615,0.19278738,0.05906387,0.117598414
GDS_wide2_12101,0.23524195,0.5126143,0.19504113,0.049493022,0.007609521
GDS_wide2_12106,0.09534544,0.8622354,0.038275287,0.0028738095,0.0012701742
GDS_wide2_12160,0.3421589,0.50277907,0.08563559,0.064965844,0.0044606286
GDS_wide2_12165,0.17350955,0.6294319,0.13114512,0.04739116,0.0185222
GDS_wide2_1221,0.11897338,0.83163077,0.038769823,0.008964382,0.0016616173
GDS_wide2_12211,0.7366733,0.26156232,2.9028837e-05,0.0017351276,1.4773772e-07
GDS_wide2_12255,0.08278663,0.8177773,0.095218144,0.002705223,0.0015126659
GDS_wide2_12263,0.3488244,0.4296154,0.09205575,0.11977809,0.00972625
GDS_wide2_12304,0.6994857,0.26244622,0.0035402211,0.034307048,0.00022084314
GDS_wide2_1231,0.023655886,0.2675951,0.6573646,0.0042389655,0.04714539
GDS_wide2_12335,0.28240362,0.52344805,0.14441592,0.030349834,0.019382494
GDS_wide2_1237,0.2799086,0.4563993,0.19209091,0.041380126,0.030221034
GDS_wide2_12498,0.17284054,0.6731553,0.13236326,0.013111919,0.00852891
GDS_wide2_1251,0.21764502,0.57218117,0.14030711,0.05892137,0.010945338
GDS_wide2_12545,0.031227514,0.8277647,0.13092081,0.0024940667,0.0075928736
GDS_wide2_12557,0.35780874,0.5690801,0.030243468,0.0388483,0.0040194523
GDS_wide2_12578,0.05082863,0.5205673,0.41205385,0.0029776709,0.013572578
GDS_wide2_12608,0.2570524,0.6826764,0.048205353,0.010336249,0.0017295859
GDS_wide2_12610,0.04198294,0.8244945,0.11948563,0.004207661,0.009829219
GDS_wide2_12635,0.37080717,0.47973347,0.086094394,0.060021956,0.0033430783
GDS_wide2_12651,0.3706328,0.3737817,0.16246536,0.087887526,0.0052326033
GDS_wide2_1270,0.10935472,0.69923896,0.17418504,0.0119558275,0.0052655027
GDS_wide2_12779,0.5766845,0.41418812,0.002376567,0.006685543,6.528717e-05
GDS_wide2_12804,0.12696715,0.77916944,0.0829169,0.008529441,0.0024170068
GDS_wide2_1282,0.26868623,0.6796286,0.035062656,0.014265543,0.0023569795
GDS_wide2_1305,0.5401707,0.24436408,0.03949579,0.1731491,0.0028203228
GDS_wide2_1326,0.3783222,0.08979308,0.056190643,0.36810035,0.10759374
GDS_wide2_1337,0.23789123,0.4007966,0.1872875,0.1126886,0.061336055
GDS_wide2_13405,0.24122904,0.7257055,0.025179539,0.0068590045,0.0010268877
GDS_wide2_13514,0.09314592,0.8078965,0.09363504,0.0030418115,0.0022807703
GDS_wide2_13743,0.052996844,0.27012295,0.63106763,0.005599182,0.04021345
GDS_wide2_13831,0.5939765,0.33999956,0.0041376096,0.061630424,0.00025592538
GDS_wide2_1386,0.045671813,0.75923854,0.18720476,0.0027795704,0.0051053134
GDS_wide2_1387,0.094001405,0.6621294,0.21263218,0.015610804,0.015626227
GDS_wide2_13903,0.037605647,0.27249688,0.34528,0.028963253,0.31565416
GDS_wide2_14233,0.26836714,0.5654239,0.10280331,0.05668533,0.006720267
GDS_wide2_14364,0.072834454,0.71524024,0.19058895,0.009851953,0.011484487
GDS_wide2_1439,0.53640234,0.28375015,0.02970642,0.14811999,0.0020210915
GDS_wide2_1444,0.03651442,0.82583016,0.12934664,0.0032623163,0.005046417
GDS_wide2_14523,0.30047044,0.50359976,0.17001899,0.022271845,0.0036390005
GDS_wide2_1454,0.0116806235,0.21294463,0.6823235,0.0031268464,0.08992434
GDS_wide2_14574,0.060205832,0.7535051,0.1776889,0.004322351,0.004277859
GDS_wide2_14620,0.064342074,0.86793536,0.06401263,0.0018283314,0.0018816408
GDS_wide2_1482,0.5341009,0.1390734,0.023650413,0.30014512,0.0030302291
GDS_wide2_14882,0.35209826,0.5272191,0.06617159,0.051306445,0.0032046342
GDS_wide2_1503,0.16436052,0.63640404,0.1241832,0.054973967,0.020078339
GDS_wide2_1517,0.03974785,0.28038937,0.1615898,0.03484353,0.48342946
GDS_wide2_1531,0.16890283,0.6166157,0.17487437,0.030630646,0.008976412
GDS_wide2_1550,0.01590454,0.09215667,0.12420746,0.021487635,0.74624366
GDS_wide2_1551,0.054276735,0.30377635,0.60842824,0.011488982,0.022029696
GDS_wide2_1556,0.02365581,0.16475758,0.4401086,0.012998079,0.35847992
GDS_wide2_1557,0.38729036,0.3975768,0.0791358,0.12752211,0.008474975
GDS_wide2_1568,0.03277592,0.8362125,0.12664028,0.0016285685,0.0027427047
GDS_wide2_1580,0.07315272,0.71713245,0.19731885,0.007012112,0.005383848
GDS_wide2_1620,0.12222,0.785918,0.07583986,0.010512543,0.005509647
GDS_wide2_1630,0.13127214,0.4015498,0.28286648,0.061144575,0.12316703
GDS_wide2_1638,0.019787943,5.0426035e-05,4.1174818e-07,0.98016113,1.3480774e-08
GDS_wide2_1649,0.10104688,0.8757395,0.018209409,0.0033369162,0.0016673096
GDS_wide2_1665,0.056662675,0.756463,0.16446798,0.008144448,0.01426193
GDS_wide2_1675,0.36041623,0.5027873,0.07308939,0.061132334,0.0025747076
GDS_wide2_1690,0.49169126,0.08909284,0.024646444,0.3913247,0.0032447337
GDS_wide2_1713,0.51859224,0.23366958,0.04153589,0.20247757,0.00372472
GDS_wide2_1717,0.6434747,0.15476854,0.015052898,0.18578008,0.0009237699
GDS_wide2_1724,0.5917731,0.15775032,0.03560114,0.21253982,0.0023356325
GDS_wide2_1753,0.069517255,0.6759888,0.20342925,0.017265102,0.03379965
GDS_wide2_1769,0.06338838,0.70438313,0.2250058,0.0024947876,0.0047278367
GDS_wide2_1780,0.051441208,0.8633925,0.08123476,0.0020133576,0.0019181668
GDS_wide2_1786,0.27959323,0.61490124,0.082262926,0.015937055,0.0073055243
GDS_wide2_1790,0.035096657,0.72910124,0.2145464,0.005335419,0.015920227
GDS_wide2_1809,0.6656502,0.13111405,0.028018631,0.17333229,0.0018848651
GDS_wide2_1822,0.4920633,0.41397667,0.044935137,0.047849804,0.0011751055
GDS_wide2_1856,0.11199929,0.63581306,0.14733432,0.04995277,0.054900546
GDS_wide2_1863,0.36693552,0.54525423,0.06347092,0.023103395,0.0012358782
GDS_wide2_1872,0.6254107,0.33065936,0.025871132,0.017152054,0.0009067986
GDS_wide2_1881,0.25727758,0.6738414,0.06352845,0.004617632,0.0007349279
GDS_wide2_1887,0.45674598,0.54325294,2.4480533e-09,1.0287059e-06,3.587154e-14
GDS_wide2_1890,0.5063253,0.058790043,0.008106255,0.42579895,0.0009795262
GDS_wide2_190,0.11149642,0.75599533,0.10698935,0.015612213,0.009906722
GDS_wide2_1900,0.4911374,0.122546375,0.021139385,0.36149955,0.0036772406
GDS_wide2_1924,0.5329361,0.33561978,0.051200874,0.07890471,0.0013385897
GDS_wide2_1937,0.5988154,0.23363118,0.035877876,0.12986374,0.0018118476
GDS_wide2_1945,0.031017946,0.76870704,0.19257075,0.0013865456,0.0063176416
GDS_wide2_1948,0.017184408,0.40456098,0.56914353,0.000870264,0.0082407165
GDS_wide2_1962,0.09650327,0.79224503,0.10232688,0.005685446,0.0032392933
GDS_wide2_1971,0.14696427,0.6196284,0.22164123,0.007887009,0.0038790852
GDS_wide2_20,0.01685919,0.6171625,0.34236008,0.0016232633,0.021994928
GDS_wide2_2001,0.41968533,0.4877206,0.07325463,0.01636953,0.002969971
GDS_wide2_2002,0.5403449,0.41105115,0.018811962,0.027828991,0.0019629826
GDS_wide2_2019,0.012569948,0.50918174,0.41919503,0.0017860199,0.057267174
GDS_wide2_2024,0.061160825,0.5077662,0.37800965,0.017061632,0.036001686
GDS_wide2_2055,0.55475825,0.4022356,0.013376835,0.028288607,0.0013406776
GDS_wide2_206,0.08004023,0.68790865,0.20736991,0.012424672,0.012256457
GDS_wide2_2076,0.35843283,0.46460322,0.11815059,0.041196886,0.017616423
GDS_wide2_2098,0.025191596,0.57618403,0.37897062,0.0019678045,0.017685927
GDS_wide2_2120,0.5667742,0.42903987,0.0013653539,0.0027952166,2.5307128e-05
GDS_wide2_2142,0.42955703,0.3378273,0.114707686,0.110578634,0.0073293857
GDS_wide2_2150,0.45497555,0.066383615,0.00669558,0.47083873,0.00110648
GDS_wide2_2161,0.50067806,0.25288057,0.049877636,0.18819922,0.008364421
GDS_wide2_220,0.49599284,0.11724372,0.032848675,0.34911743,0.004797281
GDS_wide2_2205,0.1517887,0.29470727,0.14534567,0.09008068,0.31807762
GDS_wide2_2219,0.44458827,0.31550515,0.055265035,0.17583479,0.0088067455
GDS_wide2_223,0.33652243,0.035797954,0.011401947,0.61302567,0.0032520602
GDS_wide2_2242,0.027096974,0.6964337,0.27127174,0.0011824911,0.004015107
GDS_wide2_2255,0.031847958,0.5197179,0.32788137,0.009977447,0.110575326
GDS_wide2_2292,0.41111177,0.5264125,0.042407084,0.016573088,0.0034955945
GDS_wide2_2297,0.29808503,0.5530766,0.09179869,0.05114152,0.0058981357
GDS_wide2_230,0.4834576,0.33008686,0.08425704,0.099121995,0.0030765224
GDS_wide2_2312,0.18514529,0.6727936,0.11268435,0.025258675,0.0041180938
GDS_wide2_2320,0.023708543,0.70582324,0.23259969,0.004764709,0.03310388
GDS_wide2_2330,0.033805974,0.1663012,0.6833372,0.020116366,0.09643928
GDS_wide2_2335,5.811888e-06,8.821714e-25,1.448169e-34,0.99999416,0.0
GDS_wide2_234,0.8109624,0.18900475,4.5250654e-06,2.8254864e-05,1.7286845e-09
GDS_wide2_2352,0.07288081,0.7879512,0.11338735,0.0133060375,0.012474625
GDS_wide2_2370,0.16479164,0.69433194,0.13078082,0.0073990095,0.0026966291
GDS_wide2_2384,0.19109367,0.6128264,0.18703322,0.006449427,0.0025973136
GDS_wide2_2406,0.58713424,0.09532998,0.015554063,0.30051422,0.001467445
GDS_wide2_2410,0.04889554,0.4297621,0.4247957,0.010363891,0.08618281
GDS_wide2_2417,0.5088909,0.47772744,0.0024125357,0.010839404,0.00012969355
GDS_wide2_242,0.031403568,0.72336227,0.22346844,0.003885332,0.01788039
GDS_wide2_2420,0.13456509,0.74899226,0.1063784,0.007920896,0.002143342
GDS_wide2_2427,0.060357668,0.2808844,0.6251408,0.0061155832,0.02750159
GDS_wide2_2431,0.3177572,0.5066445,0.11743078,0.05414832,0.0040191505
GDS_wide2_2440,0.5799635,0.26418558,0.026437318,0.12809049,0.0013231101
GDS_wide2_2460,0.54405093,0.09104141,0.016046977,0.34694228,0.0019184033
GDS_wide2_2462,0.093061365,0.6050147,0.2840586,0.007826131,0.0100391945
GDS_wide2_2469,0.5231501,0.26937014,0.11386698,0.08291948,0.010693288
GDS_wide2_250,0.49929315,0.21398453,0.043567784,0.23918341,0.0039710943
GDS_wide2_2508,0.1181135,0.71621513,0.15740077,0.005251343,0.0030192642
GDS_wide2_2516,0.039008003,0.7233038,0.23258306,0.0013997059,0.0037055407
GDS_wide2_2521,0.15047775,0.55650806,0.2607924,0.023396494,0.008825206
GDS_wide2_2527,0.15520516,0.82724464,0.011686184,0.0049431906,0.0009208848
GDS_wide2_2538,0.13865094,0.0027252831,0.00010109251,0.85851276,9.969674e-06
GDS_wide2_2566,0.03428173,0.96061355,0.0036202194,0.00055317534,0.00093119306
GDS_wide2_257,0.08631117,0.7649562,0.13879536,0.00590157,0.0040357937
GDS_wide2_258,0.03446173,0.38335347,0.57299083,0.00156577,0.007628156
GDS_wide2_2587,0.027123192,0.6581373,0.2926472,0.0032698286,0.018822437
GDS_wide2_2616,0.0366574,0.6053896,0.32257912,0.005390527,0.029983351
GDS_wide2_2622,0.626291,0.19360152,0.03436228,0.14441705,0.0013281852
GDS_wide2_264,0.109934725,0.84581375,0.032058023,0.008931145,0.0032624297
GDS_wide2_265,0.060126424,0.6907824,0.23553309,0.0050760047,0.008482074
GDS_wide2_2659,0.5397683,0.11844708,0.02137542,0.31787384,0.0025354428
GDS_wide2_267,0.024769254,0.55638075,0.30595082,0.007910495,0.10498867
GDS_wide2_2670,0.5342649,0.46405613,0.00042071307,0.0012525159,5.702739e-06
GDS_wide2_2681,0.30969828,0.6305852,0.040534884,0.015053226,0.004128387
GDS_wide2_2705,0.56730694,0.113950826,0.02196547,0.29464453,0.0021322565
GDS_wide2_271,0.528662,0.27945578,0.041751407,0.14372742,0.0064033903
GDS_wide2_2715,0.6057881,0.20223692,0.056925923,0.13217965,0.002869319
GDS_wide2_2720,0.5741136,0.16903938,0.028827032,0.22593354,0.002086367
GDS_wide2_2747,0.33378345,0.40791023,0.14985499,0.096641585,0.011809759
GDS_wide2_2756,3.5392867e-12,0.0,0.0,1.0,0.0
GDS_wide2_2794,0.124056496,0.60256606,0.24433653,0.018895265,0.010145685
GDS_wide2_28,0.22130957,0.5118781,0.24370977,0.0136746615,0.009427901
GDS_wide2_2805,0.16520679,0.35560492,0.39630666,0.044600703,0.03828091
GDS_wide2_2819,0.030604709,0.39721304,0.5281012,0.007357318,0.03672374
GDS_wide2_2833,0.33971307,0.56870157,0.07173045,0.018370003,0.0014849225
GDS_wide2_2835,0.3539696,0.48312774,0.09145524,0.067392886,0.0040544537
GDS_wide2_2839,0.052270062,0.3247374,0.5726909,0.013632568,0.036669105
GDS_wide2_2863,0.18461235,0.35751024,0.43247208,0.014075002,0.011330342
GDS_wide2_2869,0.212937,0.7569491,0.02171975,0.006108319,0.002285809
GDS_wide2_2884,0.021795161,0.308078,0.6185264,0.002815453,0.04878507
GDS_wide2_2955,0.020490311,0.8553497,0.108056776,0.0023037347,0.01379957
GDS_wide2_2963,0.022479042,0.7695261,0.1859364,0.0026204763,0.019437963
GDS_wide2_2968,0.33648708,0.43465224,0.13965882,0.078947544,0.010254276
GDS_wide2_2980,0.17071952,0.63507813,0.1474926,0.038196318,0.0085134525
GDS_wide2_3039,0.40644678,0.4550831,0.09185728,0.042393412,0.004219332
GDS_wide2_3079,0.5022309,0.31347182,0.040213585,0.14126632,0.0028174007
GDS_wide2_308,0.11175435,0.2155177,0.2055576,0.13227856,0.33489174
GDS_wide2_3089,0.7449391,0.23444532,0.0028067934,0.017720679,8.807369e-05
GDS_wide2_3096,0.19089453,0.6034198,0.17697583,0.024666443,0.004043443
GDS_wide2_3104,0.3829183,0.14273353,0.07766167,0.2756771,0.1210093
GDS_wide2_3141,0.30575797,0.66320497,0.01783396,0.012155506,0.0010475637
GDS_wide2_3146,0.24424261,0.43208727,0.28256023,0.031714167,0.009395715
GDS_wide2_3148,0.59388,0.2262829,0.04745024,0.13061054,0.0017763245
GDS_wide2_3160,0.16432224,0.39943478,0.17657213,0.117216185,0.14245465
GDS_wide2_3180,0.6408944,0.17120786,0.024660174,0.16192195,0.0013155856
GDS_wide2_3181,0.4228124,0.41748586,0.122314386,0.035323743,0.0020636653
GDS_wide2_3208,0.03748491,0.69174725,0.25023183,0.0044352026,0.01610082
GDS_wide2_3213,0.051589247,0.68336034,0.25679776,0.0026350485,0.0056175618
GDS_wide2_3221,0.054597225,0.6892848,0.23875274,0.0059901667,0.011375065
GDS_wide2_3226,0.07961273,0.38283312,0.5056906,0.013677978,0.0181855
GDS_wide2_3275,0.12700525,0.71152693,0.14890832,0.0077175805,0.004841865
GDS_wide2_3286,0.16504146,0.7032841,0.124741174,0.004859465,0.002073775
GDS_wide2_3304,0.06852271,0.80979806,0.100702815,0.00989295,0.011083531
GDS_wide2_3306,0.05301707,0.703226,0.23404391,0.003418855,0.0062941792
GDS_wide2_3318,0.22970419,0.35201058,0.29638633,0.09181881,0.030080052
GDS_wide2_3327,0.47042155,0.45034674,0.059616905,0.018498026,0.0011167153
GDS_wide2_333,0.09826276,0.55619335,0.33377472,0.004072831,0.00769631
GDS_wide2_3349,0.6996417,0.29988626,5.5838573e-05,0.0004160821,1.358672e-07
GDS_wide2_3374,0.10358581,0.8056021,0.07354017,0.011707035,0.0055648573
GDS_wide2_3387,0.053277943,0.41470343,0.51087976,0.0039100177,0.017228803
GDS_wide2_3420,0.5513649,0.24351123,0.027835028,0.17321037,0.004078515
GDS_wide2_3428,0.05044811,0.37369096,0.3717978,0.018434964,0.1856282
GDS_wide2_3482,0.14380845,0.6806618,0.14817475,0.021031974,0.0063230433
GDS_wide2_3493,0.53831494,0.18366782,0.032969467,0.24174792,0.0032998421
GDS_wide2_3529,0.93737185,0.06258142,5.871353e-12,4.672112e-05,2.1050215e-17
GDS_wide2_3553,0.10438596,0.21697079,0.20051244,0.08195329,0.3961775
GDS_wide2_3559,0.0037292447,7.2855904e-09,9.899853e-13,0.9962708,5.995777e-16
GDS_wide2_3566,0.03990433,0.66310227,0.24290411,0.010824739,0.04326453
GDS_wide2_3619,0.5790502,0.33377567,0.04409903,0.04103259,0.0020424994
GDS_wide2_3636,0.07679798,0.6914106,0.20261039,0.0073323753,0.021848675
GDS_wide2_364,0.25149158,0.6775079,0.06051341,0.0081100995,0.0023769883
GDS_wide2_3667,0.27112487,0.50030935,0.098538354,0.11203411,0.01799329
GDS_wide2_372,0.11418682,0.6831514,0.1951099,0.004656047,0.002895888
GDS_wide2_376,0.20267771,0.36011794,0.39835522,0.02698645,0.011862657
GDS_wide2_3768,0.13818638,0.31936425,0.49151966,0.024675418,0.02625426
GDS_wide2_3775,0.4907081,0.34093994,0.05577304,0.11034057,0.002238338
GDS_wide2_3822,0.27346948,0.5209532,0.12828812,0.062713616,0.014575644
GDS_wide2_3935,0.32992202,0.50654626,0.10420745,0.055867344,0.0034568927
GDS_wide2_394,0.041416433,0.5392539,0.39336306,0.004393407,0.021573199
GDS_wide2_40,0.20382679,0.47519177,0.26332533,0.024215199,0.033440933
GDS_wide2_4003,0.4958346,0.28538567,0.0391569,0.17598763,0.0036351008
GDS_wide2_4022,0.28441945,0.46312556,0.14733072,0.08459401,0.020530287
GDS_wide2_4097,0.032376267,0.59369826,0.34261447,0.004449517,0.02686145
GDS_wide2_4156,0.041153494,0.602095,0.30321673,0.009010201,0.04452462
GDS_wide2_4167,0.44897372,0.3948715,0.06854248,0.07948068,0.008131542
GDS_wide2_4174,0.24155103,0.0054512075,0.0010922474,0.75176394,0.00014163095
GDS_wide2_4258,0.18684818,0.007591501,0.0006742578,0.80481017,7.591776e-05
GDS_wide2_4408,0.24751018,0.6286065,0.10259492,0.014038118,0.0072503015
GDS_wide2_4417,0.12765753,0.74467474,0.10689411,0.015832737,0.004940922
GDS_wide2_4430,0.15307549,0.8357834,0.007977287,0.0027391126,0.00042464014
GDS_wide2_4485,0.10865945,0.39861208,0.2811633,0.057781518,0.15378353
GDS_wide2_4505,0.12978199,0.004388471,1.04041565e-05,0.86581874,3.8614675e-07
GDS_wide2_452,0.12580259,0.6986962,0.1400178,0.022934165,0.012549191
GDS_wide2_4562,0.40828001,0.4635864,0.07587441,0.05002292,0.00223634
GDS_wide2_4578,0.49169806,0.22935018,0.062689,0.21101645,0.005246302
GDS_wide2_4673,0.38820443,0.3368637,0.1366109,0.12234815,0.015972756
GDS_wide2_4796,0.076638944,0.29205337,0.13815852,0.07082279,0.4223264
GDS_wide2_493,0.18979926,0.7382635,0.055430494,0.011661975,0.004844726
GDS_wide2_506,0.55394644,0.079044685,0.017945617,0.34740213,0.0016611388
GDS_wide2_5103,0.14286093,0.8013432,0.045718547,0.0069184136,0.0031589011
GDS_wide2_5135,0.042198036,1.0665076e-06,5.8606835e-09,0.9578009,5.0260192e-11
GDS_wide2_5168,0.61483604,0.11744881,0.0075905174,0.25930455,0.00082012964
GDS_wide2_5253,0.19391641,0.56756854,0.18214501,0.043282643,0.01308742
GDS_wide2_5322,0.16504551,0.54125303,0.090906516,0.07303791,0.12975694
GDS_wide2_5327,0.44262823,0.044558607,0.005586013,0.5061279,0.0010993298
GDS_wide2_5384,0.050999984,0.8201671,0.117818326,0.0036185794,0.007395896
GDS_wide2_541,0.2645242,0.5596988,0.09995527,0.065639615,0.010182123
GDS_wide2_5587,0.15701075,0.7537161,0.07565125,0.01105659,0.002565307
GDS_wide2_5678,0.4047752,0.17456274,0.0877967,0.28047013,0.05239519
GDS_wide2_5741,0.45864415,0.36933985,0.058115352,0.11054769,0.0033530104
GDS_wide2_580,0.09935699,0.8207189,0.076562874,0.002233179,0.0011281887
GDS_wide2_581,0.41095862,0.37802377,0.11567954,0.09167617,0.0036618856
GDS_wide2_583,0.08725457,0.081879295,0.07977733,0.14703354,0.60405535
GDS_wide2_584,0.022000106,0.5471507,0.41131863,0.0025309727,0.01699961
GDS_wide2_592,0.08117874,0.61234003,0.28903708,0.0081033185,0.009340828
GDS_wide2_601,0.2776699,0.59730834,0.10220717,0.017736733,0.005077871
GDS_wide2_6125,0.015840942,0.31467083,0.50814134,0.0043707625,0.15697612
GDS_wide2_6135,0.5475428,0.45033738,0.00045647434,0.001654567,8.806932e-06
GDS_wide2_616,0.26364136,0.70261806,0.025285712,0.007284913,0.0011699846
GDS_wide2_6166,0.041629307,0.7455013,0.19577013,0.0044980855,0.012601112
GDS_wide2_638,0.09590391,0.36191934,0.51004934,0.011075429,0.02105186
GDS_wide2_640,0.31188938,0.4661423,0.13770722,0.07789446,0.0063667204
GDS_wide2_649,0.34254068,0.45650464,0.1783269,0.01867851,0.0039491924
GDS_wide2_656,0.17489642,0.6103653,0.17663728,0.028740093,0.009360929
GDS_wide2_6576,0.25513598,0.5090412,0.17786054,0.0513235,0.0066388696
GDS_wide2_6749,0.4330322,0.17216292,0.21981356,0.1582388,0.016752494
GDS_wide2_6827,0.05444612,0.2618339,0.56963557,0.009375183,0.10470927
GDS_wide2_683,0.5176262,0.07314802,0.015707903,0.39109272,0.0024251237
GDS_wide2_686,0.18119541,0.4082989,0.30818117,0.041050915,0.061273586
GDS_wide2_6869,0.20846495,0.6095899,0.14694275,0.030591711,0.0044107256
GDS_wide2_6890,0.156224,0.6910586,0.10798165,0.03234793,0.012387864
GDS_wide2_694,0.18411191,0.73557645,0.07479507,0.004407719,0.0011089192
GDS_wide2_6959,0.032155763,0.70638496,0.24035892,0.0043303603,0.016769955
GDS_wide2_702,0.36939272,0.4482212,0.15624768,0.02370362,0.002434734
GDS_wide2_718,0.622986,0.17367132,0.0241246,0.17771722,0.0015007283
GDS_wide2_7187,0.060036816,0.8994942,0.03639145,0.0023806551,0.0016968623
GDS_wide2_7215,0.36417356,0.03809583,0.012926256,0.58232653,0.0024777367
GDS_wide2_73,0.017169835,0.54018915,0.23578472,0.0064220876,0.20043418
GDS_wide2_732,0.21387842,0.6938935,0.0765558,0.01043084,0.0052414355
GDS_wide2_742,0.10395057,0.645069,0.18259905,0.019364689,0.04901666
GDS_wide2_75,0.1949822,0.4073282,0.35040763,0.02893571,0.018346295
GDS_wide2_753,0.45275182,0.32902583,0.057170507,0.15709388,0.0039579878
GDS_wide2_7630,0.06943696,0.65227455,0.26668832,0.005007414,0.0065928265
GDS_wide2_7636,0.41784427,0.287088,0.07484176,0.20466815,0.015557704
GDS_wide2_772,0.18368399,0.65506715,0.13454172,0.020732539,0.0059745787
GDS_wide2_773,0.06259181,0.8670119,0.064889185,0.0032042735,0.0023028606
GDS_wide2_7732,0.22355694,0.7153848,0.05372166,0.0061304057,0.001206168
GDS_wide2_79,0.39501086,0.3797169,0.1261059,0.09345428,0.005711968
GDS_wide2_794,0.23178403,0.43892977,0.16951427,0.11767648,0.042095464
GDS_wide2_798,0.2433207,0.6636317,0.07353541,0.01332419,0.006188022
GDS_wide2_7995,0.025050938,0.768987,0.17594156,0.0026432353,0.027377242
GDS_wide2_8130,0.04986534,0.19864042,0.7022016,0.009925136,0.039367482
GDS_wide2_8162,0.6538782,0.21687818,0.021899294,0.10600013,0.0013441932
GDS_wide2_8257,0.38816115,0.41370612,0.08513773,0.107898384,0.0050966637
GDS_wide2_8392,0.62814605,0.22123232,0.01392003,0.13529022,0.0014113385
GDS_wide2_8423,0.6303392,0.1417728,0.025180167,0.20020631,0.0025014263
GDS_wide2_8466,0.5628315,0.12368444,0.04277111,0.2623219,0.008391056
GDS_wide2_850,0.09441475,0.8548241,0.044512052,0.0044403085,0.0018087585
GDS_wide2_859,0.34207258,0.5097085,0.098465756,0.04646981,0.003283386
GDS_wide2_8591,0.2164817,0.52790534,0.22715954,0.024104755,0.004348653
GDS_wide2_8661,0.086420394,0.86514896,0.035921566,0.007167557,0.0053414823
GDS_wide2_868,0.090979345,0.80727017,0.093308985,0.006062884,0.0023787105
GDS_wide2_8693,0.4049677,0.4487313,0.059310593,0.083477125,0.0035133176
GDS_wide2_8722,0.42368874,0.36780593,0.06061735,0.14245236,0.0054356786
GDS_wide2_8783,0.255533,0.58520997,0.10934447,0.045957163,0.0039553577
GDS_wide2_8793,0.2703296,0.5018175,0.15944703,0.058629956,0.009775844
GDS_wide2_8821,0.25945884,0.45100665,0.21648659,0.038461775,0.034586225
GDS_wide2_8897,0.23724622,0.6622141,0.08978914,0.008047052,0.0027034623
GDS_wide2_8935,0.038302805,0.46895397,0.4528832,0.0081849955,0.031675156
GDS_wide2_897,0.48970428,0.18590397,0.056674656,0.2635105,0.0042065163
GDS_wide2_8994,0.5978576,0.16264027,0.041624475,0.19477499,0.003102647
GDS_wide2_901,0.4138781,0.362403,0.07400168,0.1416821,0.00803515
GDS_wide2_9031,0.03251066,0.6629471,0.2960093,0.0015608747,0.0069720084
GDS_wide2_9043,0.63692915,0.08161674,0.007901231,0.27289775,0.00065511715
GDS_wide2_910,0.10675245,0.8618753,0.0277862,0.0027443115,0.0008417369
GDS_wide2_912,0.2744143,0.6374607,0.07770473,0.008171321,0.0022489345
GDS_wide2_923,0.59431124,0.31768575,0.010856214,0.076280825,0.00086598855
GDS_wide2_927,0.100307174,0.67002714,0.18533239,0.009139265,0.035193965
GDS_wide2_9333,0.059971847,0.5988098,0.3321617,0.002517963,0.006538665
GDS_wide2_9362,0.053837948,0.6400467,0.2941071,0.004077281,0.007930975
GDS_wide2_9421,0.25341317,0.6220095,0.11357747,0.009745592,0.0012543164
GDS_wide2_9445,0.32782057,0.61373854,0.040739775,0.014691085,0.0030100904
GDS_wide2_947,0.28844178,0.6443093,0.030183628,0.034167126,0.0028981585
GDS_wide2_9475,0.6222901,0.31407997,0.016110234,0.046413105,0.0011066695
GDS_wide2_949,0.49883524,0.28262192,0.039098985,0.17580597,0.0036378375
GDS_wide2_959,0.051892653,0.63506824,0.30663738,0.0026076522,0.0037941243
GDS_wide2_9602,0.44695026,0.50984776,0.027991835,0.014390272,0.00081994635
GDS_wide2_9762,0.06591032,0.39606848,0.25264364,0.0393384,0.24603917
GDS_wide2_9865,0.44653645,0.43733972,0.04048949,0.070545584,0.0050888183
GDS_wide2_9894,0.013695265,0.8092681,0.15885831,0.0013482065,0.016830081
GDS_wide2_991,0.47581738,0.39659187,0.03755912,0.08826072,0.0017709192
GDS_wide2_9910,0.13945048,0.70605093,0.14875689,0.0039877538,0.0017539081
