ID,p_smooth,p_features,p_irregular,p_point_source,p_unclassifiable
GDS_deep2_10075,0.3790259,0.1864439,0.06382595,0.3321746,0.038529653
GDS_deep2_10082,0.19058782,0.70730704,0.098429635,0.003173634,0.00050185167
GDS_deep2_10087,0.42588234,0.2572561,0.09365863,0.19988522,0.023317762
GDS_deep2_10110,0.07568357,0.5178257,0.37881392,0.010338423,0.017338464
GDS_deep2_10135,0.051478676,0.3421497,0.59094185,0.0046995515,0.010730254
GDS_deep2_10142,0.6555761,0.038467195,0.0034892354,0.3024304,3.711349e-05
GDS_deep2_10169,0.6881183,0.06516327,0.00762064,0.2390319,6.597234e-05
GDS_deep2_10176,0.1722481,0.7296361,0.091030955,0.0067386287,0.00034623602
GDS_deep2_10201,0.7618731,0.14936197,0.014560842,0.07417696,2.7105667e-05
GDS_deep2_10212,0.3989484,0.35882968,0.18657705,0.05444364,0.0012012064
GDS_deep2_10221,0.5883952,0.31001624,0.029073272,0.07240489,0.00011041123
GDS_deep2_10231,0.10495539,0.5266301,0.35748225,0.0065037077,0.00442859
GDS_deep2_10246,0.21584716,0.6531172,0.11453609,0.016075188,0.00042437055
GDS_deep2_10276,0.54617983,0.413705,0.023967419,0.016128635,1.9145908e-05
GDS_deep2_10279,0.7606159,0.19265701,0.008420526,0.038294353,1.2278912e-05
GDS_deep2_10307,0.05000888,0.58749753,0.32822308,0.0067449715,0.027525505
GDS_deep2_10308,0.3437843,0.5438616,0.0826526,0.02888603,0.0008153223
GDS_deep2_10318,0.30426177,0.65916866,0.03437374,0.0021774461,1.8348232e-05
GDS_deep2_10327,0.06583864,0.7719441,0.16020003,0.0015485958,0.00046869201
GDS_deep2_10330,0.6491874,0.03994931,0.0042327708,0.30658403,4.6534733e-05
GDS_deep2_10332,0.06313844,0.8415894,0.09442447,0.00045929,0.00038847933
GDS_deep2_10344,0.090065934,0.60172576,0.2813776,0.013069085,0.0137615595
GDS_deep2_10367,0.5614201,0.23382676,0.032757487,0.17107792,0.0009177682
GDS_deep2_10479,0.03220322,0.8494083,0.10630261,0.002646093,0.0094398325
GDS_deep2_10485,0.3244425,0.44215724,0.18569274,0.041178603,0.0065288576
GDS_deep2_10581,0.11125324,0.6384044,0.23995775,0.0051288772,0.0052556903
GDS_deep2_10601,0.4400913,0.41160256,0.073320314,0.07335606,0.0016297089
GDS_deep2_10606,0.14255574,0.58609635,0.26476255,0.005435592,0.0011498537
GDS_deep2_10654,0.65042305,0.13184766,0.019008378,0.19835263,0.00036828805
GDS_deep2_10657,0.2311828,0.7452596,0.022588506,0.00073071633,0.00023846666
GDS_deep2_10661,0.10694979,0.6372065,0.25161624,0.0034560477,0.0007714726
GDS_deep2_10703,0.062870815,0.85223275,0.08387557,0.0008567236,0.00016414092
GDS_deep2_10716,0.39085948,0.50922036,0.06357304,0.03580026,0.0005468391
GDS_deep2_10720,0.12684526,0.65225255,0.21943562,0.001279156,0.0001874281
GDS_deep2_10740,0.08833376,0.8217929,0.08686007,0.0025217417,0.0004914614
GDS_deep2_10775,0.10504193,0.7227907,0.15588208,0.008780433,0.0075048604
GDS_deep2_10891,0.5574705,0.43875346,0.0033858516,0.00038921923,9.986505e-07
GDS_deep2_10902,0.2900334,0.52241355,0.1482644,0.037722692,0.0015659363
GDS_deep2_10938,0.27122948,0.60392,0.11106631,0.013500664,0.0002836032
GDS_deep2_10994,0.22863118,0.6619116,0.10376236,0.005450014,0.00024486604
GDS_deep2_11021,0.23756573,0.43903258,0.25875467,0.05135068,0.01329633
GDS_deep2_11054,0.1400465,0.70698154,0.14874777,0.0038695526,0.00035462965
GDS_deep2_11059,0.2511635,0.6527321,0.07752921,0.016496189,0.0020790827
GDS_deep2_11084,0.14859593,0.42142472,0.4096625,0.015307451,0.005009391
GDS_deep2_11114,0.11909969,0.71620196,0.162228,0.0021345015,0.0003358436
GDS_deep2_11141,0.055880904,0.6676305,0.23415056,0.008119911,0.03421823
GDS_deep2_11149,0.35282084,0.62844557,0.015496035,0.003133372,0.00010413749
GDS_deep2_11173,0.05197122,0.8676897,0.0773502,0.0012588765,0.0017299347
GDS_deep2_11245,0.56928194,0.12366782,0.023641014,0.28237006,0.0010392047
GDS_deep2_11647,0.076574296,0.32634133,0.5717772,0.011083254,0.014223925
GDS_deep2_11694,0.084292494,0.46615186,0.44214568,0.0048625697,0.0025473682
GDS_deep2_11696,5.3048258e-05,9.73306e-15,1.830454e-17,0.99994695,2.3903614e-16
GDS_deep2_11716,0.17737064,0.6274965,0.18600944,0.008468703,0.0006547043
GDS_deep2_11723,0.61300963,0.2549992,0.038146373,0.093425795,0.00041905502
GDS_deep2_11724,0.041996654,0.86525816,0.09229207,0.00038518294,6.796413e-05
GDS_deep2_11764,0.08005856,0.8419884,0.07451654,0.0027065207,0.0007300376
GDS_deep2_11771,0.09817476,0.8603564,0.041034464,0.00039762692,3.68089e-05
GDS_deep2_11984,0.056684706,0.5762921,0.36174256,0.0025704985,0.002710176
GDS_deep2_12035,0.101136506,0.8524945,0.045665853,0.0005563846,0.00014670733
GDS_deep2_12085,0.591376,0.10196632,0.031205127,0.27449518,0.00095728843
GDS_deep2_12569,0.37902558,0.53713465,0.06343557,0.02007163,0.0003325929
GDS_deep2_12624,0.03780979,0.45728934,0.422893,0.008396579,0.073611364
GDS_deep2_12772,0.18267289,0.00021345825,8.9101864e-05,0.8169651,5.952112e-05
GDS_deep2_12889,0.61084765,0.12102701,0.022878043,0.24443877,0.0008085689
GDS_deep2_12984,0.4513079,0.4117511,0.06651852,0.06957542,0.00084718945
GDS_deep2_13315,0.17822944,0.7094553,0.10625052,0.005788423,0.00027628875
GDS_deep2_13540,0.122227855,0.6555422,0.21597233,0.005082172,0.0011753768
GDS_deep2_3107,0.029115785,0.37605566,0.58482474,0.0019232135,0.008080574
GDS_deep2_3125,0.06677924,0.56711966,0.3578596,0.0035717713,0.0046697417
GDS_deep2_3350,0.2293375,0.7098436,0.05696581,0.0032435283,0.0006096162
GDS_deep2_3378,0.27585936,0.6891002,0.03253276,0.0022023956,0.00030526466
GDS_deep2_3439,0.2844549,0.6705552,0.026761938,0.017921833,0.00030619156
GDS_deep2_3468,0.6466075,0.11189115,0.04269461,0.19804487,0.00076184433
GDS_deep2_3518,0.6493888,0.13332511,0.014377987,0.2026331,0.00027507998
GDS_deep2_3547,0.5457575,0.32139927,0.043139137,0.08926169,0.00044248576
GDS_deep2_3562,0.05082386,0.47798303,0.43809107,0.005784764,0.027317332
GDS_deep2_3577,0.24515297,0.68908376,0.062372264,0.0032039317,0.00018714524
GDS_deep2_3586,0.5134184,0.43682566,0.037579842,0.012160426,1.569686e-05
GDS_deep2_3614,0.074882574,0.7736329,0.14968999,0.0014195149,0.00037511415
GDS_deep2_3677,0.11469283,0.48007947,0.32220256,0.031623464,0.05140165
GDS_deep2_3678,0.1494929,0.34135294,0.47654557,0.025077747,0.007530854
GDS_deep2_3712,0.08102143,0.79049754,0.12376551,0.0032230094,0.0014924514
GDS_deep2_3749,0.5500416,0.35089555,0.047939748,0.050954115,0.00016898612
GDS_deep2_3763,0.5745571,0.22207895,0.039988507,0.16237585,0.0009995823
GDS_deep2_3779,0.066242225,0.47549534,0.44336554,0.005991174,0.008905769
GDS_deep2_3813,0.47268316,0.26872504,0.08660418,0.1677456,0.004242025
GDS_deep2_3835,0.057395488,0.64322704,0.28356397,0.0056896904,0.010123793
GDS_deep2_3849,0.08592231,0.723423,0.18583594,0.0033718063,0.0014469302
GDS_deep2_3957,0.52582514,0.19211388,0.112735584,0.16344462,0.005880844
GDS_deep2_3962,0.08294195,0.71532387,0.1986735,0.0022327153,0.000827914
GDS_deep2_3972,0.36894467,0.006984213,0.0017629357,0.6219404,0.00036784948
GDS_deep2_3990,0.09063883,0.69639266,0.20662348,0.0045536547,0.0017913792
GDS_deep2_3993,0.52985984,0.36177891,0.033326134,0.0745051,0.00053003035
GDS_deep2_4009,0.12554683,0.7796171,0.089635804,0.0040753307,0.0011250009
GDS_deep2_4014,0.10718443,0.64018196,0.22723316,0.011086994,0.014313492
GDS_deep2_4036,0.08069026,0.6902566,0.22602092,0.0023230545,0.0007092264
GDS_deep2_4089,0.20856264,0.5733514,0.19601661,0.020175332,0.0018939886
GDS_deep2_4142,0.0544446,0.71925336,0.2218164,0.0021157698,0.0023699396
GDS_deep2_4163,0.19975783,0.7341071,0.06454714,0.0015512861,3.6540587e-05
GDS_deep2_4200,0.6056829,0.045194454,0.008917433,0.33961433,0.0005908682
GDS_deep2_4202,0.2632107,0.0013607698,0.00065587886,0.7343818,0.0003908372
GDS_deep2_4218,0.09641164,0.3389699,0.54576397,0.010094143,0.00876032
GDS_deep2_4272,0.64384514,0.35050416,0.0038506861,0.0017987646,1.2139054e-06
GDS_deep2_4323,0.11890783,0.5715751,0.26819783,0.022429239,0.018889997
GDS_deep2_4368,0.041555006,0.5040425,0.3966368,0.0064579705,0.051307663
GDS_deep2_4370,0.14756435,0.6795132,0.17063224,0.0021477025,0.00014243512
GDS_deep2_4439,0.19813502,0.69857204,0.093203954,0.009651341,0.00043769204
GDS_deep2_4630,0.027089259,0.5201087,0.4113217,0.0029338228,0.038546506
GDS_deep2_4657,0.07496741,0.71362114,0.20923607,0.001657551,0.0005178138
GDS_deep2_4695,0.150117,0.6275384,0.19531132,0.01730944,0.009723926
GDS_deep2_4704,0.3049743,0.5150108,0.12117483,0.056694724,0.0021453747
GDS_deep2_4724,0.048228733,0.3980953,0.5227457,0.0066833706,0.024246909
GDS_deep2_4744,0.26943925,0.0011125762,0.0015577548,0.72778803,0.00010239883
GDS_deep2_4754,0.11503948,0.7787659,0.10445785,0.0015566355,0.00018014116
GDS_deep2_4826,0.05226293,0.29123917,0.6500018,0.0028373357,0.003658789
GDS_deep2_4830,0.00014567896,2.4275477e-16,5.549797e-19,0.9998543,6.368095e-19
GDS_deep2_4832,0.24604212,0.4306774,0.2676746,0.049169563,0.0064363317
GDS_deep2_4835,0.06857218,0.72871566,0.199768,0.0016132408,0.0013308983
GDS_deep2_4846,0.2564675,0.7031629,0.038016222,0.0023009572,5.236342e-05
GDS_deep2_4849,0.24251859,0.35359195,0.269294,0.08469398,0.049901567
GDS_deep2_4859,0.34144232,0.5983777,0.05253467,0.007256809,0.0003884688
GDS_deep2_4861,0.17240573,0.65221375,0.17156918,0.0035811341,0.00023022578
GDS_deep2_4867,0.09654372,0.7881483,0.11324815,0.0016315002,0.0004283202
GDS_deep2_4881,0.07612428,0.6926839,0.23004101,0.0009704446,0.00018037652
GDS_deep2_4897,0.07641977,0.6012962,0.29563165,0.009850414,0.01680194
GDS_deep2_4899,0.36799967,0.5506766,0.060076956,0.021099165,0.00014764932
GDS_deep2_4900,0.20224419,0.76081413,0.034230806,0.0026540703,5.687864e-05
GDS_deep2_4917,0.5895833,0.13050349,0.036661617,0.24231602,0.00093562395
GDS_deep2_4977,0.09435034,0.7358747,0.16643645,0.00271739,0.0006211433
GDS_deep2_4982,0.1390105,0.38603988,0.28044966,0.06159433,0.13290563
GDS_deep2_5030,0.35709053,0.46836442,0.1569528,0.017319586,0.00027267289
GDS_deep2_5039,5.5518612e-06,7.597895e-17,1.0759155e-22,0.9999944,1.3305406e-23
GDS_deep2_5078,0.4151351,0.5053707,0.057986733,0.021316534,0.00019095698
GDS_deep2_5132,0.046303377,0.64328545,0.30714983,0.0016488361,0.0016125289
GDS_deep2_5151,0.1780636,0.6193676,0.17968172,0.019125782,0.0037612568
GDS_deep2_5179,0.53452486,0.3095292,0.048980232,0.10634679,0.00061900023
GDS_deep2_5209,0.5357513,0.17244588,0.07155077,0.21825096,0.0020011237
GDS_deep2_5218,0.08844219,0.44836655,0.449544,0.0063533653,0.007293935
GDS_deep2_5228,0.03906715,0.77300286,0.18129987,0.0018471107,0.004783006
GDS_deep2_5249,0.08731115,0.7095623,0.20017168,0.0019555194,0.000999362
GDS_deep2_5255,0.46122026,0.32505584,0.10956773,0.10095199,0.003204087
GDS_deep2_5275,0.70293546,0.14463058,0.020544067,0.13179836,9.155136e-05
GDS_deep2_5278,0.040285874,0.9188041,0.039674547,0.00063474674,0.00060067646
GDS_deep2_5284,0.1158487,0.48943302,0.35713968,0.020252682,0.017325932
GDS_deep2_5351,0.35042593,0.0047770836,0.0020720677,0.64234835,0.0003765657
GDS_deep2_5399,0.1934964,0.7267652,0.07876989,0.00092724786,4.121001e-05
GDS_deep2_5409,0.1501761,0.7675081,0.07862243,0.003311053,0.00038229584
GDS_deep2_5469,0.2871091,0.6018164,0.09384758,0.01569161,0.0015352882
GDS_deep2_5477,0.078476384,0.8590491,0.060334943,0.0015523764,0.0005873337
GDS_deep2_5488,0.3594891,0.5425907,0.070887335,0.026594069,0.00043874484
GDS_deep2_5496,0.39533222,0.5475521,0.04340544,0.013624464,8.576897e-05
GDS_deep2_5524,0.6997123,0.04670034,0.0038636124,0.24969567,2.8099439e-05
GDS_deep2_5551,0.17113276,0.6790216,0.14611897,0.00361762,0.00010904489
GDS_deep2_5553,0.6769284,0.17802575,0.01929214,0.12561671,0.00013706236
GDS_deep2_5556,0.050473686,0.35920703,0.5782797,0.004077084,0.007962501
GDS_deep2_5571,0.4624567,0.5363829,0.00079485425,0.00036505994,4.1865624e-07
GDS_deep2_5576,0.29030615,0.6797371,0.02762485,0.0015020298,0.00082986563
GDS_deep2_5584,0.07801136,0.7736619,0.14732918,0.0008308642,0.0001666289
GDS_deep2_5611,0.3310616,0.5141894,0.1153362,0.037819207,0.0015935043
GDS_deep2_5623,0.27524537,0.55111796,0.14653666,0.026283544,0.0008164916
GDS_deep2_5631,0.35177436,0.6306904,0.014847114,0.0024778864,0.00021027363
GDS_deep2_5632,0.09872174,0.8136845,0.085615784,0.0013285872,0.00064941903
GDS_deep2_5638,0.5625475,0.06755818,0.012143469,0.35679087,0.00096000446
GDS_deep2_5649,0.17607023,0.8039567,0.019067435,0.0008767429,2.8813576e-05
GDS_deep2_5659,0.61196005,0.15167256,0.022009615,0.21392524,0.0004324992
GDS_deep2_5665,0.13872056,0.6863383,0.16321276,0.009699259,0.002029071
GDS_deep2_5672,0.098589666,0.5495447,0.31798762,0.015679508,0.018198498
GDS_deep2_5680,0.18218996,0.76920444,0.047409628,0.0011798494,1.6146572e-05
GDS_deep2_5688,0.019984169,0.30554184,0.4072492,0.007336101,0.25988862
GDS_deep2_5701,0.14301725,0.30763793,0.23820609,0.09599198,0.2151468
GDS_deep2_5706,0.07294501,0.8102633,0.11583718,0.0006230003,0.00033162878
GDS_deep2_5707,0.06260482,0.6505642,0.28628656,0.00045606482,8.8307956e-05
GDS_deep2_5720,0.20225422,0.61311764,0.16698833,0.016228076,0.0014117353
GDS_deep2_5754,0.12101056,0.62811804,0.23197752,0.006533128,0.012360676
GDS_deep2_5758,0.10574227,0.8639165,0.029830065,0.00043400258,7.718277e-05
GDS_deep2_5766,0.36558393,0.3927803,0.10343597,0.12803721,0.010162556
GDS_deep2_5779,0.23943892,0.52126443,0.18717948,0.04049366,0.011623541
GDS_deep2_5783,0.6681367,0.21336831,0.018388186,0.09989824,0.00020853273
GDS_deep2_5806,0.040229514,0.53263223,0.41319636,0.0032786115,0.010663317
GDS_deep2_5820,0.10541442,0.80157214,0.091188386,0.0015086107,0.000316476
GDS_deep2_5883,0.63999265,0.066260055,0.009679474,0.28390878,0.00015909442
GDS_deep2_5887,0.25278312,0.5494623,0.17366968,0.022243684,0.0018412151
GDS_deep2_5918,0.1634646,0.00022969468,8.442036e-05,0.83615756,6.369163e-05
GDS_deep2_5923,0.292469,0.40474847,0.17503773,0.10312577,0.024619007
GDS_deep2_5950,0.08123908,0.43874297,0.46959645,0.0052859206,0.005135678
GDS_deep2_5975,0.19521448,0.70829433,0.08224801,0.012979694,0.0012634798
GDS_deep2_5983,0.09656841,0.7982571,0.10426662,0.00044068828,0.0004671125
GDS_deep2_5989,0.27772725,0.52898186,0.1659134,0.026320951,0.0010565822
GDS_deep2_5997,0.25501212,0.7178789,0.025648894,0.0012278145,0.00023227552
GDS_deep2_5998,0.13670446,0.6293564,0.21811447,0.013397841,0.0024268592
GDS_deep2_6004,0.6420301,0.28054407,0.035124674,0.04225491,4.6255504e-05
GDS_deep2_6035,0.03365703,2.6443414e-07,5.673387e-08,0.9663426,1.3381368e-09
GDS_deep2_6049,0.029746283,1.5381908e-06,3.9697102e-07,0.9702517,1.12104914e-07
GDS_deep2_6065,0.42055172,0.49884823,0.07334408,0.006374436,0.00088152644
GDS_deep2_6071,0.59908247,0.14568181,0.021765143,0.23258436,0.0008861822
GDS_deep2_6111,0.3706338,0.44596183,0.10640244,0.074775,0.0022269243
GDS_deep2_6124,0.22825554,0.64115214,0.1192134,0.010753556,0.0006253136
GDS_deep2_6186,0.07442051,0.48275518,0.40027907,0.011904396,0.030640766
GDS_deep2_6190,0.3290926,0.54327035,0.09930491,0.02734473,0.000987452
GDS_deep2_6208,0.08057417,0.5067839,0.4073436,0.0029531503,0.0023451992
GDS_deep2_6237,0.06666561,0.517453,0.40829173,0.0042830766,0.0033066114
GDS_deep2_6273,0.25406083,0.65813035,0.07819415,0.009430335,0.00018429244
GDS_deep2_6288,0.2686081,0.6638956,0.056377355,0.010499211,0.00061978766
GDS_deep2_6303,0.09461296,0.58133477,0.32081166,0.0019543418,0.0012862737
GDS_deep2_6335,0.12581621,0.48688093,0.37582636,0.008337287,0.0031392372
GDS_deep2_6342,0.108025506,0.46851012,0.39859027,0.015491159,0.009382882
GDS_deep2_6355,0.13199376,0.6994913,0.16644011,0.0019683656,0.00010637057
GDS_deep2_6384,0.55878294,0.19818772,0.061278626,0.17926909,0.0024816885
GDS_deep2_6399,0.52525175,0.47224107,0.0010750914,0.0014313138,7.601856e-07
GDS_deep2_6403,0.25096402,0.62114406,0.11279081,0.013777094,0.0013240605
GDS_deep2_6425,0.15846682,0.7792301,0.060862903,0.0013947542,4.5411834e-05
GDS_deep2_6431,0.43863434,0.014277526,0.0039450694,0.54264456,0.00049851165
GDS_deep2_6438,0.061498243,0.8382019,0.093437865,0.0028128936,0.0040490814
GDS_deep2_6457,0.06381116,0.6380645,0.29468325,0.0023550661,0.0010859211
GDS_deep2_6545,0.28831825,0.68632525,0.023572566,0.0017251745,5.8740337e-05
GDS_deep2_6549,0.09601436,0.7367997,0.15289105,0.00290535,0.011389488
GDS_deep2_6550,0.6146119,0.27415055,0.02110886,0.08987558,0.00025313976
GDS_deep2_6553,0.74373925,0.1516506,0.027012976,0.07746,0.00013712123
GDS_deep2_6583,0.21117301,0.73083764,0.052314624,0.0055723083,0.000102461505
GDS_deep2_6618,0.118443616,0.7051192,0.15581998,0.013418444,0.00719869
GDS_deep2_6638,0.25843847,0.68106484,0.057808798,0.00264025,4.766907e-05
GDS_deep2_6648,0.28760582,0.63510114,0.0749412,0.0022626622,8.920414e-05
GDS_deep2_6674,0.5539435,0.1886897,0.08484736,0.170014,0.002505499
GDS_deep2_6675,0.07688206,0.48351276,0.42203227,0.008682719,0.0088901585
GDS_deep2_6676,0.4417255,0.46955514,0.046862848,0.04159365,0.00026282243
GDS_deep2_6681,0.09888783,0.42967555,0.4032609,0.02701989,0.04115578
GDS_deep2_6691,0.16113879,0.6865226,0.14909811,0.0030847825,0.00015573861
GDS_deep2_6695,0.22098503,0.5540418,0.20146449,0.021107363,0.002401317
GDS_deep2_6707,0.07899461,0.58905494,0.31719464,0.0059916596,0.008764191
GDS_deep2_6712,0.6329786,0.074159555,0.009145514,0.28354064,0.00017574389
GDS_deep2_6714,0.028969558,0.33422416,0.62761354,0.0015326359,0.007660074
GDS_deep2_6721,0.120161064,0.5669104,0.2897057,0.014065464,0.009157338
GDS_deep2_6733,0.25662157,0.5046897,0.2094249,0.027397893,0.0018660034
GDS_deep2_6779,0.0452373,0.33013347,0.620989,0.0019272103,0.0017129882
GDS_deep2_6791,0.45063868,0.46039668,0.06136527,0.026242707,0.0013565804
GDS_deep2_6828,0.054168224,0.31469616,0.626608,0.002761853,0.0017657324
GDS_deep2_6832,0.54884,0.15475559,0.034976844,0.25909626,0.002331383
GDS_deep2_6872,0.14968732,0.7498022,0.09716841,0.0030751836,0.00026698364
GDS_deep2_6903,0.15844774,0.7009843,0.13743916,0.0027913102,0.00033747443
GDS_deep2_6961,0.6372711,0.20986359,0.03657302,0.11594751,0.00034472253
GDS_deep2_6970,0.20849372,0.72496176,0.062169403,0.003727874,0.00064729416
GDS_deep2_6989,0.16864559,0.00068127457,0.00011958674,0.83053166,2.1911024e-05
GDS_deep2_7000,0.07465015,0.5511507,0.36112666,0.0064432845,0.0066291722
GDS_deep2_7012,0.08145274,0.6559388,0.25076076,0.006758124,0.005089608
GDS_deep2_7014,0.59692836,0.08949589,0.032015692,0.28021577,0.0013442639
GDS_deep2_7018,0.6158829,0.21016617,0.024773078,0.14891745,0.0002603944
GDS_deep2_7072,0.025765141,0.6185433,0.3466204,0.0017165799,0.007354545
GDS_deep2_7097,0.4347096,0.020966923,0.012554671,0.5292049,0.0025639324
GDS_deep2_7098,0.27817222,0.6311426,0.081188746,0.008017144,0.0014792716
GDS_deep2_7130,0.101417355,0.7125448,0.18424839,0.0013306179,0.00045885483
GDS_deep2_7135,0.14142317,0.59505826,0.24741125,0.00979467,0.0063126334
GDS_deep2_7144,0.7397382,0.09279998,0.012660076,0.15473658,6.506692e-05
GDS_deep2_7148,0.040523928,0.4140836,0.53399116,0.0027798305,0.008621489
GDS_deep2_7149,0.33080944,0.5448973,0.09360479,0.028990408,0.0016980267
GDS_deep2_7193,0.121288404,0.76116383,0.11292526,0.004230943,0.00039156197
GDS_deep2_7218,0.22613245,0.65569544,0.107821904,0.009874783,0.00047542353
GDS_deep2_7239,0.33885676,0.52847916,0.1182724,0.0136005515,0.0007911662
GDS_deep2_7266,0.83290106,0.07899161,0.004471257,0.08363015,5.988e-06
GDS_deep2_7281,0.08238025,0.44939068,0.42545375,0.019245181,0.02353013
GDS_deep2_7285,0.14524925,0.81410855,0.03960486,0.00094620656,9.1177135e-05
GDS_deep2_7312,0.30644238,0.45313537,0.16272746,0.07207403,0.005620813
GDS_deep2_7319,0.029346108,0.52338177,0.43310755,0.0020564324,0.012108168
GDS_deep2_7321,0.63090396,0.15892096,0.034614153,0.1748782,0.0006827975
GDS_deep2_7342,0.45497146,0.2694522,0.16233677,0.10591974,0.0073197973
GDS_deep2_7358,0.082337074,0.70001185,0.21221153,0.003560139,0.0018793751
GDS_deep2_7365,0.61843157,0.15396912,0.020936329,0.20622467,0.0004383064
GDS_deep2_7395,0.5741439,0.107795596,0.08559461,0.22891442,0.0035515144
GDS_deep2_7402,0.111485474,0.5077585,0.37225723,0.006305714,0.002193046
GDS_deep2_7405,0.26172748,0.41754764,0.26760295,0.048172798,0.0049490617
GDS_deep2_7423,0.028340355,0.3634218,0.42086273,0.007817951,0.17955716
GDS_deep2_7445,0.44679466,0.30170694,0.17680061,0.07354956,0.001148197
GDS_deep2_7472,0.44547445,0.37487066,0.09605634,0.08102733,0.0025711893
GDS_deep2_7485,0.33581823,0.52744883,0.08303569,0.051169433,0.002527818
GDS_deep2_7501,0.04795976,0.49748802,0.44401714,0.0036875622,0.006847509
GDS_deep2_7584,0.023046842,0.45171332,0.41936103,0.003130414,0.10274837
GDS_deep2_7644,0.05813991,0.67543393,0.2602591,0.003289947,0.0028771237
GDS_deep2_7650,0.10594327,0.71612924,0.1678249,0.0067629484,0.0033397225
GDS_deep2_7653,0.5046418,0.20722586,0.06081249,0.22151002,0.0058098873
GDS_deep2_7669,0.073687226,0.32514668,0.56628585,0.01051514,0.02436506
GDS_deep2_7673,0.5540266,0.124509595,0.035653688,0.2816624,0.0041477145
GDS_deep2_7682,0.19922961,0.7289409,0.06697423,0.004692932,0.00016243299
GDS_deep2_7691,0.67328596,0.32218483,0.0030651253,0.0014631891,9.151659e-07
GDS_deep2_7695,0.05342555,0.36710647,0.5261779,0.011729267,0.04156086
GDS_deep2_7696,0.5339073,0.1992027,0.0553852,0.20260976,0.008895061
GDS_deep2_7710,0.5114484,0.4216407,0.037489314,0.029313318,0.00010823893
GDS_deep2_7718,3.1048214e-25,0.0,0.0,1.0,0.0
GDS_deep2_7719,0.07783488,0.72698826,0.14940593,0.012052831,0.03371813
GDS_deep2_7747,0.08843159,0.8627576,0.04822493,0.00045286253,0.00013294823
GDS_deep2_7777,0.05090009,0.56269324,0.35305104,0.007028556,0.026327066
GDS_deep2_7784,0.47898844,0.3599617,0.07155711,0.088777065,0.00071571907
GDS_deep2_7841,0.14991039,0.4874866,0.3389554,0.010617673,0.0130300205
GDS_deep2_7856,0.06445475,0.43425202,0.42171672,0.015320557,0.06425594
GDS_deep2_7861,0.46285453,0.3034399,0.107952565,0.118875705,0.006877314
GDS_deep2_7869,0.09353245,0.5966998,0.3026635,0.0042914,0.002812885
GDS_deep2_7875,0.1718989,0.6144541,0.20704794,0.0053208377,0.0012782328
GDS_deep2_7883,0.12534001,0.7327964,0.13790874,0.0030971845,0.00085771084
GDS_deep2_7917,0.19819361,0.7159059,0.07830271,0.006715392,0.0008824636
GDS_deep2_7965,0.061411425,0.58654726,0.34982663,0.0012833447,0.00093135214
GDS_deep2_8001,0.4299332,0.48542568,0.06296063,0.021604467,7.598647e-05
GDS_deep2_8009,0.46436775,0.4656341,0.04337667,0.026463164,0.00015833482
GDS_deep2_8018,0.120688684,0.76240575,0.1163514,0.00050996395,4.414692e-05
GDS_deep2_8021,0.30317643,0.0073579177,0.0030970962,0.68535054,0.0010180231
GDS_deep2_8046,0.05418842,0.86983556,0.073914655,0.0012662641,0.0007951649
GDS_deep2_8078,0.095739365,0.56522185,0.32822165,0.0069992417,0.0038178882
GDS_deep2_8096,0.07203517,0.43449813,0.34647158,0.029345006,0.11765006
GDS_deep2_8104,0.1268611,0.6476292,0.21062364,0.012343356,0.0025426887
GDS_deep2_8109,0.5523688,0.27224416,0.07625342,0.098531224,0.00060237927
GDS_deep2_8133,0.097664945,0.34411022,0.52907777,0.013242317,0.015904747
GDS_deep2_8135,0.6361508,0.2744764,0.03453764,0.054650094,0.00018506624
GDS_deep2_8143,0.37395567,0.005850752,0.0013943058,0.6185289,0.00027030817
GDS_deep2_8154,0.17498092,0.5654076,0.24267098,0.014277321,0.0026631188
GDS_deep2_8178,0.7413026,0.063501954,0.006608213,0.18854669,4.0555155e-05
GDS_deep2_8180,0.33582914,0.5841966,0.07265178,0.007282783,3.9698796e-05
GDS_deep2_8187,0.19887583,0.4789228,0.30044538,0.01961603,0.0021399711
GDS_deep2_8244,0.054870944,0.6142529,0.32218596,0.0036650638,0.0050250487
GDS_deep2_8249,0.060095914,0.60449207,0.30702347,0.0031834343,0.02520513
GDS_deep2_8253,0.7350334,0.10491269,0.0067383414,0.15328541,3.0168352e-05
GDS_deep2_8262,0.039492838,0.062140673,0.069515355,0.06974895,0.75910217
GDS_deep2_8265,0.63147086,0.03655771,0.0040831617,0.32783693,5.134771e-05
GDS_deep2_8281,0.45139197,0.39944774,0.0773079,0.07085943,0.000992997
GDS_deep2_8298,0.18653454,0.5890075,0.20524868,0.011358228,0.007851014
GDS_deep2_8319,0.6492093,0.20732982,0.02112548,0.12213588,0.00019952896
GDS_deep2_8323,0.06997995,0.69062734,0.23242484,0.0035414752,0.0034263781
GDS_deep2_8359,0.4547081,0.35659286,0.011586458,0.17418702,0.0029255224
GDS_deep2_8366,0.05131366,0.78489107,0.1593299,0.002345247,0.0021200923
GDS_deep2_8400,0.25395697,0.5293513,0.1971678,0.018747794,0.00077609095
GDS_deep2_8402,0.80118537,0.18929076,0.0015174007,0.00800545,9.3612766e-07
GDS_deep2_8408,0.3863289,0.0092167,0.0021737393,0.6018894,0.0003912376
GDS_deep2_8471,0.29030922,0.6320225,0.070147276,0.007279618,0.0002413657
GDS_deep2_8554,0.60261166,0.29264927,0.0309208,0.0730977,0.0007205871
GDS_deep2_8556,0.047499195,0.49559274,0.43024808,0.005896188,0.020763814
GDS_deep2_8572,0.5077651,0.4666968,0.02013261,0.005383465,2.2041115e-05
GDS_deep2_8588,0.21802069,0.68536973,0.08643884,0.009845525,0.00032526042
GDS_deep2_8671,0.080642216,0.58527356,0.33238897,0.0013457813,0.0003494303
GDS_deep2_8681,0.07379188,0.74468756,0.1744519,0.00473955,0.0023291823
GDS_deep2_8711,0.16748962,0.6180254,0.19706419,0.014332154,0.0030886612
GDS_deep2_8725,0.2250512,0.76870644,0.0059777624,0.00023457872,3.0049792e-05
GDS_deep2_8766,0.052628804,0.61459947,0.30550683,0.0063168528,0.020948058
GDS_deep2_8794,0.10424032,0.73760325,0.15501982,0.002758024,0.00037850247
GDS_deep2_8815,0.7940987,0.19887465,0.0027185793,0.0043074535,6.8353415e-07
GDS_deep2_8834,0.4148066,0.5322946,0.04009002,0.012714371,9.438984e-05
GDS_deep2_8850,0.4264425,0.5504472,0.01803864,0.005027173,4.449133e-05
GDS_deep2_8851,0.0693688,0.35850677,0.55894583,0.006683221,0.0064953687
GDS_deep2_8908,0.0249334,0.9298267,0.02349539,0.0011726315,0.020571979
GDS_deep2_8947,0.5918367,0.22280689,0.043310516,0.1413401,0.0007058155
GDS_deep2_8958,0.06623644,0.7199136,0.20211644,0.005886546,0.005847028
GDS_deep2_8968,0.74596137,0.048666596,0.002191918,0.20317082,9.231624e-06
GDS_deep2_8980,0.09752062,0.89273304,0.00088215095,0.00015555395,0.008708619
GDS_deep2_8987,0.2668215,0.72702616,0.005672711,0.0004557197,2.3945755e-05
GDS_deep2_8999,0.49202842,0.47937056,0.028588675,1.2420296e-05,2.0983545e-12
GDS_deep2_9012,0.04127026,0.427579,0.5219645,0.0025367762,0.0066495403
GDS_deep2_9015,0.42155194,0.5619871,0.013326896,0.0030881641,4.583639e-05
GDS_deep2_9054,0.5123271,0.32812577,0.05688221,0.10180302,0.00086196774
GDS_deep2_9060,0.596554,0.39785638,0.002304875,0.0032830548,1.7199875e-06
GDS_deep2_9071,0.31118253,0.5622262,0.103629224,0.022178916,0.0007831327
GDS_deep2_9073,0.043861132,6.779785e-06,1.0695979e-06,0.9561309,1.00889395e-07
GDS_deep2_9081,0.74053794,0.07453474,0.010086969,0.17476553,7.474115e-05
GDS_deep2_9121,0.40234634,0.49104303,0.06494245,0.041314986,0.0003532362
GDS_deep2_9136,0.050272595,0.52103716,0.38478792,0.008192157,0.035710115
GDS_deep2_9216,0.62366927,0.14400335,0.02511919,0.20641887,0.0007893168
GDS_deep2_9226,0.04861196,0.54043144,0.403023,0.0030319765,0.0049016313
GDS_deep2_9229,0.28073213,0.63450897,0.079981215,0.004498804,0.0002789146
GDS_deep2_9246,0.036931414,0.41581076,0.5419641,0.0019278252,0.0033658505
GDS_deep2_9265,0.4674181,0.28642166,0.1068511,0.13087799,0.008431197
GDS_deep2_9267,0.19071372,0.52514994,0.2539432,0.024933511,0.005259724
GDS_deep2_9274,0.0031516503,4.96532e-08,7.8731344e-10,0.9968483,1.8311197e-10
GDS_deep2_9317,0.40220812,0.47277364,0.07049088,0.053734254,0.00079306774
GDS_deep2_9319,0.2626357,0.29384276,0.38942185,0.047056682,0.007042967
GDS_deep2_9321,0.17145811,0.73731714,0.08647809,0.004223429,0.0005232037
GDS_deep2_9341,0.5913734,0.32422063,0.06130796,0.023060793,3.7278278e-05
GDS_deep2_9351,0.08477879,0.736339,0.17307705,0.0041629304,0.0016422642
GDS_deep2_9381,0.39712375,0.5095829,0.079525985,0.013681206,8.620974e-05
GDS_deep2_9403,0.05059416,0.8723008,0.07285053,0.001009359,0.0032451719
GDS_deep2_9406,0.44903913,0.10825182,0.2773909,0.15160167,0.013716394
GDS_deep2_9423,0.00027728258,6.62741e-14,1.9804943e-16,0.99972266,1.4286422e-16
GDS_deep2_9428,0.05710973,0.76323134,0.17632207,0.001980797,0.0013560433
GDS_deep2_9431,0.4667261,0.38747185,0.08950794,0.055895217,0.00039892635
GDS_deep2_9448,0.09260735,0.8349432,0.07101176,0.0009615339,0.00047612633
GDS_deep2_9452,0.07342567,0.5511387,0.3456174,0.010324837,0.019493297
GDS_deep2_9467,0.5290575,0.061856594,0.014373123,0.39374495,0.0009678232
GDS_deep2_9470,0.0885927,0.52302486,0.35235837,0.011116816,0.024907207
GDS_deep2_9498,0.23780419,0.6236531,0.121226646,0.01686996,0.00044612723
GDS_deep2_9516,0.14472474,0.82869506,0.025852347,0.00048864895,0.0002392538
GDS_deep2_9526,0.222214,0.57792616,0.18343946,0.0152411945,0.0011791625
GDS_deep2_9530,0.052402433,0.7639607,0.17709866,0.0029003453,0.003637803
GDS_deep2_9557,0.30818105,0.63954663,0.046725683,0.0054503256,9.625998e-05
GDS_deep2_9563,0.4768744,0.39023283,0.09211111,0.04039994,0.0003818269
GDS_deep2_9576,0.48011604,0.50777817,0.007888088,0.004100642,0.00011704223
GDS_deep2_9581,0.3429881,0.3923783,0.24744402,0.016394867,0.00079468614
GDS_deep2_9659,0.20687607,0.723208,0.06800599,0.0018844923,2.5444891e-05
GDS_deep2_9676,0.17944725,0.7318864,0.083541356,0.004693136,0.00043187223
GDS_deep2_9677,0.5520232,0.20971388,0.074514635,0.16063932,0.0031090355
GDS_deep2_9689,0.23880897,0.5646072,0.1747504,0.0202766,0.0015568028
GDS_deep2_9691,0.47957572,0.32303178,0.08986765,0.10579647,0.0017283439
GDS_deep2_9695,0.07347956,0.7043197,0.22062369,0.0012880034,0.00028897214
GDS_deep2_9697,0.4192085,0.57071877,0.0076205707,0.0024403061,1.1821477e-05
GDS_deep2_9706,0.60383844,0.10674308,0.025360044,0.26331207,0.0007463225
GDS_deep2_9718,0.028083304,0.40137517,0.55088454,0.0025894477,0.017067544
GDS_deep2_9730,0.6049842,0.056498427,0.010263787,0.32793832,0.00031523866
GDS_deep2_9757,0.08648927,0.5943487,0.3110364,0.0038563006,0.0042693536
GDS_deep2_9781,0.47730756,0.21137731,0.07846521,0.22407675,0.00877325
GDS_deep2_9794,0.15457857,0.41874617,0.41210532,0.010992889,0.0035770624
GDS_deep2_9795,0.04145911,0.8951919,0.06296774,0.00029561808,8.56473e-05
GDS_deep2_9843,0.2535645,0.65268314,0.08757723,0.005397785,0.0007773333
GDS_deep2_9849,0.08808052,0.85132736,0.05951596,0.00073385256,0.00034232275
GDS_deep2_9861,0.4509831,0.023162756,0.0065726843,0.51853734,0.0007441739
GDS_deep2_9866,0.26955265,0.6009229,0.11571087,0.013544329,0.00026929015
GDS_deep2_9879,0.12468244,0.76602894,0.09939261,0.007001536,0.0028944935
GDS_deep2_9895,0.1716549,0.81392,0.01434329,3.7717324e-05,4.4094544e-05
GDS_deep2_9904,0.1420051,0.7099555,0.13739677,0.0083275745,0.002315017
GDS_deep2_9914,0.49763498,0.4182755,0.043795593,0.040084675,0.00020912846
GDS_deep2_9938,0.053859547,0.51238775,0.42114484,0.0042171767,0.00839069
GDS_deep2_9951,0.18221454,0.72595125,0.083328664,0.008158463,0.00034705535
GDS_deep2_9953,0.077108204,0.63153636,0.27840585,0.0059280577,0.0070215124
GDS_ers2_10004,0.05454719,0.564776,0.35284814,0.006260321,0.021568343
GDS_ers2_10137,0.18980056,0.70782465,0.0910861,0.010319793,0.0009689639
GDS_ers2_10151,0.4173495,0.529773,0.03980297,0.013032595,4.192672e-05
GDS_ers2_10175,0.30849832,0.495912,0.17157413,0.022905197,0.0011103055
GDS_ers2_10203,0.6022608,0.1769559,0.034598213,0.18554455,0.0006405184
GDS_ers2_10374,0.42387372,0.45965037,0.068318315,0.047889788,0.00026783513
GDS_ers2_10589,0.052596822,0.6082489,0.29057938,0.009532382,0.039042532
GDS_ers2_10600,0.49200475,0.40569007,0.06648788,0.035627358,0.00018995987
GDS_ers2_10612,0.13701935,0.50345635,0.33958268,0.015131617,0.0048099877
GDS_ers2_10667,0.5465142,0.18528666,0.03028826,0.23531136,0.0025994761
GDS_ers2_10737,0.35802662,0.51331514,0.08729586,0.040608242,0.00075412757
GDS_ers2_10826,0.25648484,0.65307355,0.08166424,0.008143909,0.0006334911
GDS_ers2_10859,0.24725775,0.0042338,0.0024622472,0.7448473,0.0011989332
GDS_ers2_10935,1.8688662e-15,0.0,0.0,1.0,0.0
GDS_ers2_10962,0.19973521,0.6113918,0.18506894,0.0033180297,0.00048615335
GDS_ers2_10987,0.2612499,0.69137084,0.044188738,0.0031039347,8.6568754e-05
GDS_ers2_11000,0.42826262,0.56318533,0.0074043428,0.0011393391,8.314219e-06
GDS_ers2_11073,0.051183995,0.6922876,0.25292528,0.0020042658,0.0015988379
GDS_ers2_11123,0.06852337,0.6060354,0.28076977,0.011498611,0.0331729
GDS_ers2_11134,0.15703288,0.40718457,0.30300397,0.06506827,0.06771032
GDS_ers2_11147,0.21357597,0.73210734,0.051368125,0.0028301205,0.00011843031
GDS_ers2_11219,0.19715971,0.6702841,0.12316679,0.0088437805,0.00054566876
GDS_ers2_11237,0.34068087,0.5758238,0.06551895,0.017746635,0.00022975073
GDS_ers2_11347,0.4792868,0.42298833,0.036997493,0.05968062,0.0010467946
GDS_ers2_11359,0.109695904,0.4736474,0.24757846,0.02869487,0.14038341
GDS_ers2_11363,0.0793573,0.19807266,0.40400836,0.052607637,0.26595408
GDS_ers2_11388,0.2364348,0.45668793,0.24483544,0.052950885,0.009090991
GDS_ers2_11448,0.23337764,0.7074164,0.05759501,0.0015845889,2.6435022e-05
GDS_ers2_11449,0.09495803,0.27396885,0.49277422,0.04490819,0.093390726
GDS_ers2_11455,0.52325016,0.41022477,0.048334494,0.01814838,4.2207914e-05
GDS_ers2_11484,0.3785903,0.5324127,0.079933636,0.008937909,0.00012549944
GDS_ers2_11656,0.059167996,0.59465116,0.33513266,0.0034746905,0.0075735194
GDS_ers2_11693,0.20764405,0.6083763,0.1500895,0.03092415,0.0029659437
GDS_ers2_11718,0.02210007,0.2618486,0.5848354,0.0052640326,0.12595184
GDS_ers2_11784,0.49425852,0.35264832,0.05450744,0.09722468,0.001361032
GDS_ers2_11821,0.04337752,0.60898095,0.33219653,0.0034442206,0.012000709
GDS_ers2_11844,0.20652442,0.5956643,0.16903788,0.016592396,0.012180987
GDS_ers2_11884,0.10177296,0.65307784,0.2425552,0.0023500859,0.00024394717
GDS_ers2_11893,0.039461583,0.66857255,0.28443852,0.00182195,0.005705386
GDS_ers2_11895,0.088961706,0.49996072,0.35802805,0.015143268,0.037906222
GDS_ers2_11914,0.69019026,0.10636331,0.015034745,0.18813042,0.00028132967
GDS_ers2_11945,0.09344167,0.5561885,0.34352782,0.004497874,0.0023440833
GDS_ers2_11967,0.09509544,0.69308114,0.19875495,0.005600968,0.0074675544
GDS_ers2_11979,0.18424681,0.6621317,0.13661462,0.013922935,0.0030838887
GDS_ers2_11995,0.4785101,0.50672376,0.013372143,0.0013788865,1.513296e-05
GDS_ers2_11998,0.6940023,0.2413281,0.0080648335,0.05655573,4.9089598e-05
GDS_ers2_12010,0.4381107,0.39935994,0.11056638,0.05120471,0.00075835374
GDS_ers2_12127,0.30518863,0.48402432,0.14230439,0.063617274,0.004865417
GDS_ers2_12133,0.38073087,0.47340238,0.10199457,0.04322991,0.00064234843
GDS_ers2_12146,0.20253842,0.6600321,0.13185452,0.005117844,0.00045715462
GDS_ers2_12168,0.4031009,0.48697117,0.07630214,0.032938603,0.0006872621
GDS_ers2_12207,0.33932558,0.6391427,0.016264351,0.0051556723,0.00011168371
GDS_ers2_12230,0.50864434,0.23425874,0.08952386,0.16509973,0.002473366
GDS_ers2_12239,0.085039094,0.4258165,0.46755666,0.0070624067,0.014525298
GDS_ers2_12278,0.39168054,0.6013285,0.00076485996,0.0061626285,6.3486594e-05
GDS_ers2_12308,0.1314701,0.7309244,0.13442913,0.0028828755,0.0002934865
GDS_ers2_12366,0.06329085,0.6325891,0.2960788,0.0040633306,0.003978016
GDS_ers2_12433,0.8477382,0.106169835,0.0075159613,0.03856765,8.409705e-06
GDS_ers2_12440,0.2478158,0.67232364,0.068982854,0.0071263625,0.003751299
GDS_ers2_12443,0.04321799,0.3013649,0.46915796,0.012546083,0.17371304
GDS_ers2_12477,0.09424523,0.86064667,0.044086605,0.00064950297,0.00037188813
GDS_ers2_12480,0.5825094,0.21393438,0.11103925,0.089243166,0.0032738575
GDS_ers2_12500,0.48338205,0.34245694,0.07682687,0.09623882,0.0010952709
GDS_ers2_12505,0.5970488,0.18860675,0.0301917,0.18358444,0.00056834443
GDS_ers2_12532,0.7082078,0.19959027,0.011651345,0.08046507,8.5522996e-05
GDS_ers2_12551,0.593945,0.38751101,0.010930787,0.007583143,3.0115572e-05
GDS_ers2_12557,0.36737457,0.57081646,0.045299813,0.015403411,0.0011056889
GDS_ers2_12578,0.03523246,0.37908503,0.5820342,0.0013099139,0.0023384313
GDS_ers2_12588,0.11325787,0.6845402,0.1962241,0.0047523733,0.0012253808
GDS_ers2_12590,0.053801622,0.77417904,0.16984881,0.0015306197,0.0006398225
GDS_ers2_12592,0.23984958,0.611399,0.14247951,0.0052902987,0.000981581
GDS_ers2_12600,0.0608733,0.56194425,0.37232465,0.0028555878,0.002002221
GDS_ers2_12604,0.107844464,0.3137392,0.25612327,0.08890666,0.23338641
GDS_ers2_12608,0.2560276,0.71594125,0.025471812,0.002530418,2.8921508e-05
GDS_ers2_12635,0.45293123,0.4220199,0.06786214,0.056704454,0.0004822947
GDS_ers2_12672,0.120723255,0.7934477,0.08303248,0.0019800074,0.00081660895
GDS_ers2_12713,0.42320472,0.54081243,0.030903291,0.0049547246,0.00012490375
GDS_ers2_12735,0.23947887,0.70101494,0.04914552,0.010094643,0.000266119
GDS_ers2_12747,0.085697316,0.6192999,0.28235152,0.008040165,0.0046110805
GDS_ers2_12765,0.17941347,0.22464816,0.22167878,0.1420683,0.23219132
GDS_ers2_12807,0.053592373,0.80040324,0.14029385,0.0026966236,0.0030138819
GDS_ers2_12831,0.09919416,0.6968952,0.19999012,0.0020116875,0.0019088262
GDS_ers2_12838,0.21849215,0.7188145,0.052265547,0.010133642,0.00029423786
GDS_ers2_12841,0.41928437,0.017381413,0.004269071,0.5582876,0.0007775717
GDS_ers2_12897,0.57470715,0.40851316,0.0054555587,0.011297608,2.6454569e-05
GDS_ers2_12906,0.253671,0.5983736,0.10798417,0.033988506,0.0059827548
GDS_ers2_12921,0.24438065,0.5917542,0.12371723,0.034658767,0.0054891924
GDS_ers2_12967,0.5284719,0.33281752,0.048404872,0.08991563,0.00039006167
GDS_ers2_12986,0.310464,0.5745287,0.071313314,0.041477915,0.0022161081
GDS_ers2_13000,0.18246695,0.7366788,0.07717248,0.0028043475,0.0008774049
GDS_ers2_13013,0.80325353,0.1713608,0.0069600376,0.018419739,5.973216e-06
GDS_ers2_13035,0.031660996,0.52596605,0.3968808,0.003127289,0.042364914
GDS_ers2_13056,0.17831938,0.74597937,0.07442139,0.0012386666,4.1282783e-05
GDS_ers2_13072,0.15624212,0.48457995,0.3105199,0.033593174,0.015064818
GDS_ers2_13113,0.023597727,0.3112011,0.6587053,0.0007229348,0.005772887
GDS_ers2_13124,0.06729662,0.300834,0.62425417,0.0038096218,0.0038056276
GDS_ers2_13133,0.3755328,0.3375139,0.24231528,0.043624144,0.0010139197
GDS_ers2_13152,0.07045751,0.8006016,0.12830588,0.00053262734,0.00010239029
GDS_ers2_13172,0.26733857,0.5090253,0.11652778,0.083661236,0.023447167
GDS_ers2_13178,0.21478935,0.6638038,0.11944115,0.0013620337,0.0006035118
GDS_ers2_13183,0.10671922,0.7221639,0.15800057,0.009877025,0.0032392778
GDS_ers2_13217,0.11194914,0.62069106,0.2509168,0.007864271,0.008578743
GDS_ers2_13246,0.17089245,0.56759435,0.22774734,0.019813104,0.013952769
GDS_ers2_13252,0.18865414,0.7246538,0.075461805,0.010557565,0.0006727428
GDS_ers2_13293,0.038867857,0.50775814,0.42318094,0.0044298978,0.025763152
GDS_ers2_13303,0.1643824,0.76473165,0.0699197,0.000946777,1.9469982e-05
GDS_ers2_13324,0.04205464,0.79862535,0.15313695,0.0024362144,0.0037468711
GDS_ers2_13392,0.31437668,0.43817267,0.19455308,0.050528757,0.0023688609
GDS_ers2_13403,0.2488188,0.5330444,0.18050516,0.034208257,0.0034234223
GDS_ers2_13431,0.04485926,0.34116173,0.40112898,0.017658973,0.19519103
GDS_ers2_13456,0.5195253,0.24640186,0.100019515,0.13231544,0.0017378672
GDS_ers2_13500,0.067126416,0.6215011,0.2931531,0.005661055,0.012558324
GDS_ers2_13527,0.38964012,0.5831818,0.020708546,0.0064410777,2.8410654e-05
GDS_ers2_13531,0.057573117,0.506232,0.41240358,0.0073728357,0.016418396
GDS_ers2_13563,0.061586212,0.31953508,0.59574413,0.008639656,0.0144949835
GDS_ers2_13575,0.20158373,0.78532565,0.012724149,0.00032032694,4.6108562e-05
GDS_ers2_13587,0.19090915,0.6150847,0.17335084,0.016695946,0.0039593466
GDS_ers2_13590,0.32012442,0.6451223,0.032318976,0.0023464258,8.790638e-05
GDS_ers2_13603,4.3076342e-10,1.8356749e-34,0.0,1.0,0.0
GDS_ers2_13658,0.080952704,0.8019525,0.11562975,0.0013171561,0.00014792114
GDS_ers2_13671,0.49092802,0.33510643,0.07288163,0.09142914,0.009654765
GDS_ers2_13693,0.5547452,0.16549794,0.037514098,0.2408306,0.0014121744
GDS_ers2_13717,0.5194292,0.21295567,0.068955645,0.19373038,0.0049291137
GDS_ers2_13730,0.6355942,0.3473815,0.0059472704,0.01105738,1.9702691e-05
GDS_ers2_13777,0.7159509,0.18050952,0.050169908,0.05322656,0.00014317085
GDS_ers2_13780,0.098291926,0.49511087,0.3868848,0.012675758,0.007036582
GDS_ers2_13792,0.11699971,0.8809427,0.0020143008,3.0715135e-05,1.25716715e-05
GDS_ers2_13807,0.07474268,0.8523422,0.07031876,0.001688965,0.0009073122
GDS_ers2_13815,0.11349261,0.66987675,0.18178786,0.014733121,0.020109722
GDS_ers2_13819,0.13035679,0.8059345,0.060750928,0.0024069168,0.00055093534
GDS_ers2_13836,0.09265538,0.65744567,0.24083753,0.0062227156,0.0028387338
GDS_ers2_13838,0.10345868,0.7734327,0.12001413,0.0023789108,0.0007156821
GDS_ers2_13850,0.13096729,0.7711756,0.091239735,0.0050235316,0.0015937779
GDS_ers2_13899,0.6292749,0.03762688,0.0042258436,0.32881707,5.5320284e-05
GDS_ers2_13906,0.10658124,0.7005251,0.18964486,0.002790308,0.0004584791
GDS_ers2_13918,0.15875566,0.5787153,0.23493853,0.02274689,0.0048435116
GDS_ers2_13936,0.3602466,0.4664301,0.116459824,0.055171862,0.0016916177
GDS_ers2_13981,0.1576025,0.71812284,0.119485095,0.004563639,0.00022604504
GDS_ers2_13994,0.0526785,0.609091,0.3165711,0.00528181,0.016377607
GDS_ers2_14019,0.5571247,0.4277794,0.009582281,0.0055035125,1.0169716e-05
GDS_ers2_14027,0.04177949,0.76281655,0.18405516,0.0022979288,0.009050907
GDS_ers2_14051,0.054939255,0.7743757,0.16994454,0.0005285692,0.00021203519
GDS_ers2_14062,0.29464433,0.66564536,0.035747446,0.003767983,0.00019489283
GDS_ers2_14067,0.12956612,3.5899448e-05,1.6316055e-05,0.8703545,2.722624e-05
GDS_ers2_14078,0.07505746,0.8108112,0.10589474,0.003686354,0.004550269
GDS_ers2_14102,0.763896,0.17516683,0.009812314,0.05110231,2.2481065e-05
GDS_ers2_14149,0.13976441,0.28702736,0.5565929,0.011796744,0.0048186234
GDS_ers2_14153,0.40179878,0.43322504,0.10951756,0.054438245,0.0010203731
GDS_ers2_14165,0.585436,0.08787063,0.02584235,0.2998117,0.0010392708
GDS_ers2_14176,0.31431773,0.51096237,0.13425961,0.039352696,0.0011075974
GDS_ers2_14180,0.6169295,0.19452499,0.03048003,0.15764038,0.00042509995
GDS_ers2_14201,0.026215484,0.93303865,0.040375672,0.00022151519,0.00014870989
GDS_ers2_14230,0.290807,0.61516476,0.082643144,0.011022352,0.00036278504
GDS_ers2_14256,0.3626802,0.4974489,0.09755716,0.041436452,0.00087733084
GDS_ers2_14315,0.01268101,2.1688863e-06,2.5859248e-07,0.9873165,1.6710196e-07
GDS_ers2_14318,0.64514554,0.13107304,0.02704704,0.19605595,0.00067848235
GDS_ers2_14336,0.40165356,0.020165145,0.005054007,0.57217216,0.00095509284
GDS_ers2_14338,0.42530638,0.22833267,0.13587767,0.16726208,0.04322124
GDS_ers2_14343,0.39055037,0.30056638,0.15265414,0.14747855,0.0087505
GDS_ers2_14345,0.055998076,0.76885355,0.16838247,0.0031449406,0.0036209542
GDS_ers2_14367,0.13418496,0.6533962,0.20206746,0.008949134,0.0014022951
GDS_ers2_14394,0.07768892,0.64503795,0.27429086,0.0020386642,0.00094362895
GDS_ers2_14414,0.047532797,0.8125571,0.13898408,0.0006269112,0.0002991315
GDS_ers2_14419,0.07119639,0.67294794,0.25002915,0.003614567,0.0022119628
GDS_ers2_14423,0.101987846,0.15720724,0.2653905,0.13580637,0.3396081
GDS_ers2_14480,0.05216908,0.8992051,0.04498416,0.0010763465,0.0025652822
GDS_ers2_14481,0.3737074,0.4604496,0.11797716,0.04665727,0.0012086107
GDS_ers2_14497,0.2593699,0.68038833,0.05020053,0.009341628,0.0006995278
GDS_ers2_14516,0.1346671,0.6822608,0.18050255,0.0019602429,0.0006093266
GDS_ers2_14523,0.41525245,0.4581436,0.10412264,0.022234267,0.00024706317
GDS_ers2_14529,0.028668774,0.8961862,0.073394574,0.00025822752,0.001492298
GDS_ers2_14568,0.68428564,0.18053968,0.03681013,0.098126724,0.00023779344
GDS_ers2_14573,0.16312721,0.78414756,0.05127731,0.0014014988,4.6442765e-05
GDS_ers2_14580,0.41013396,0.41051227,0.10157548,0.07605602,0.0017223286
GDS_ers2_14581,0.5077215,0.28675732,0.050133985,0.15329984,0.0020873235
GDS_ers2_14612,0.62493205,0.19962558,0.050722774,0.12423156,0.00048806478
GDS_ers2_14621,0.43204835,0.5360619,0.026698405,0.0051192907,7.210109e-05
GDS_ers2_14640,0.12746018,0.765494,0.10371302,0.0030478183,0.0002849374
GDS_ers2_14644,0.20844328,0.7501685,0.038090143,0.0025621334,0.0007359217
GDS_ers2_14668,0.29215914,0.56609005,0.13020119,0.011373697,0.0001758999
GDS_ers2_14693,0.52202195,0.28602767,0.06823221,0.12225415,0.0014640299
GDS_ers2_14740,0.44970182,0.3132977,0.10035801,0.131576,0.005066487
GDS_ers2_14748,0.07489264,0.44691,0.47544214,0.0020089005,0.00074636686
GDS_ers2_14770,0.039298344,0.90530044,0.052844197,0.0013120996,0.0012448754
GDS_ers2_14817,0.2325977,0.63519365,0.10881874,0.022603063,0.0007869084
GDS_ers2_14821,0.036562964,0.56799805,0.39174137,0.0011244608,0.0025731397
GDS_ers2_14823,0.11716767,0.7377811,0.13384427,0.007391596,0.0038153708
GDS_ers2_14826,0.15068598,0.58166605,0.25860193,0.0059372243,0.003108773
GDS_ers2_14854,0.31444204,0.5375405,0.10023767,0.04659059,0.0011891755
GDS_ers2_14869,0.59379154,0.1494431,0.043258518,0.21275088,0.0007559291
GDS_ers2_14878,0.12122917,0.61824906,0.2507834,0.007554817,0.0021835503
GDS_ers2_14903,0.14443685,0.6718942,0.17337368,0.009183543,0.0011116358
GDS_ers2_14905,0.50818586,0.1752419,0.09006661,0.21010005,0.016405584
GDS_ers2_14911,0.00020630857,2.7748351e-06,1.9488761e-14,0.99979097,1.2294572e-18
GDS_ers2_14919,0.44451413,0.49525204,0.039990176,0.0198975,0.000346206
GDS_ers2_14961,0.05124059,0.55609494,0.38081983,0.0033505533,0.008494088
GDS_ers2_14987,0.033343013,0.31576654,0.62621313,0.0035489346,0.021128412
GDS_ers2_14999,0.062205456,0.31382832,0.527748,0.018877307,0.077340916
GDS_ers2_15043,0.40605673,0.45170072,0.09020374,0.05136078,0.00067802356
GDS_ers2_15052,0.03296876,0.8781481,0.081068836,0.0020828762,0.0057314425
GDS_ers2_15057,0.62667274,0.089771055,0.019456688,0.26324752,0.0008520053
GDS_ers2_15096,0.70466864,0.17052408,0.009868685,0.11482051,0.000118095224
GDS_ers2_15098,0.2970307,0.5360664,0.12683979,0.038725533,0.0013375765
GDS_ers2_15099,0.18880935,0.7275549,0.08062078,0.0028873489,0.00012754004
GDS_ers2_15108,0.46573254,0.49364772,0.031215858,0.009365645,3.8208105e-05
GDS_ers2_15112,0.66851485,0.32821476,0.0019598587,0.0013099037,6.214768e-07
GDS_ers2_15123,0.33338326,0.54227895,0.09141686,0.0321429,0.0007780209
GDS_ers2_15157,0.22156814,0.18756738,0.5320086,0.042811107,0.016044809
GDS_ers2_15212,0.54751223,0.42154032,0.010819518,0.020052036,7.5881704e-05
GDS_ers2_15213,0.4852912,0.4654166,0.028793499,0.020453664,4.505939e-05
GDS_ers2_15278,0.08558463,0.2746194,0.6260494,0.007967926,0.005778671
GDS_ers2_15285,0.4155372,0.48673704,0.059497412,0.0374652,0.00076312065
GDS_ers2_15287,0.2615051,0.6713624,0.056224857,0.010717225,0.000190388
GDS_ers2_15308,0.25313288,0.6220987,0.10154331,0.022287533,0.0009375706
GDS_ers2_15327,0.06931978,0.7173065,0.20774189,0.003713321,0.0019185052
GDS_ers2_15376,0.42993522,0.43108076,0.09842116,0.040293634,0.00026931101
GDS_ers2_15380,0.18180534,0.48893198,0.32144138,0.007411999,0.0004092436
GDS_ers2_15417,0.055722218,0.79981846,0.14326173,0.00058217306,0.0006154893
GDS_ers2_15418,0.14521092,0.70972335,0.13979264,0.004299155,0.00097397243
GDS_ers2_15433,0.5257438,0.22982451,0.062381748,0.1791501,0.0028998174
GDS_ers2_15437,0.035831988,0.61956614,0.34170192,0.0010596362,0.0018403544
GDS_ers2_15447,0.66114855,0.22393836,0.023483649,0.09133414,9.5283765e-05
GDS_ers2_15455,0.38435167,0.57752675,0.030493017,0.007536582,9.199939e-05
GDS_ers2_15465,0.40135068,0.40594718,0.124512434,0.06569176,0.0024978847
GDS_ers2_15472,0.5225341,0.32987046,0.062759995,0.083644256,0.0011911592
GDS_ers2_15510,0.17055355,0.71582186,0.11100752,0.0022296028,0.0003875215
GDS_ers2_15516,0.53369117,0.2457697,0.057836972,0.15923877,0.0034633982
GDS_ers2_15519,0.067356355,0.71543044,0.18580759,0.008909384,0.022496244
GDS_ers2_15520,0.15675335,0.63262683,0.19995713,0.0086752325,0.0019874503
GDS_ers2_15580,0.19902833,0.7683454,0.03135426,0.0009725981,0.0002993468
GDS_ers2_15581,0.07568838,0.53224087,0.11890773,0.008131268,0.26503173
GDS_ers2_15582,0.54135555,0.4550741,0.0031553174,0.0004143323,7.0833755e-07
GDS_ers2_15612,0.23520952,0.38047752,0.3595094,0.018704448,0.0060991016
GDS_ers2_15621,0.11983769,0.8258002,0.05357415,0.0007442131,4.379735e-05
GDS_ers2_15631,0.00500231,0.07022324,0.07260073,0.0045020767,0.8476717
GDS_ers2_15633,0.535731,0.46039104,0.0035215965,0.00035547395,8.741627e-07
GDS_ers2_15641,0.04094216,0.58827555,0.34201506,0.0040844562,0.024682734
GDS_ers2_15679,0.08154113,0.8891146,0.02884604,0.00045123734,4.698773e-05
GDS_ers2_15732,0.34663853,0.007476506,0.0037322876,0.64080894,0.0013436908
GDS_ers2_15740,0.25054228,0.6027821,0.097617485,0.043923162,0.005135061
GDS_ers2_15798,0.071620524,0.8567482,0.069855966,0.0015850425,0.00019023257
GDS_ers2_15800,0.4715505,0.02384059,0.010762453,0.4918658,0.0019807112
GDS_ers2_15825,0.14343572,0.74999803,0.0995552,0.006418423,0.00059261103
GDS_ers2_15843,0.15550674,0.47976595,0.26014093,0.051893994,0.052692436
GDS_ers2_15852,0.053667024,0.47894523,0.37252712,0.012522686,0.08233788
GDS_ers2_15883,0.17371002,0.47493777,0.32605112,0.012996403,0.012304781
GDS_ers2_15963,0.26237568,0.0014350797,0.000500589,0.735491,0.00019770217
GDS_ers2_15994,0.103598416,0.69406325,0.19434361,0.00467111,0.003323638
GDS_ers2_16002,0.16306451,0.38755718,0.33075622,0.057595946,0.06102616
GDS_ers2_16017,0.06754887,0.28100485,0.63048667,0.008435918,0.012523648
GDS_ers2_16029,0.09965616,0.6099037,0.2797759,0.006572624,0.004091647
GDS_ers2_16033,0.16132289,0.20147845,0.60254025,0.024693947,0.009964473
GDS_ers2_16045,0.5519084,0.044663187,0.008515626,0.39452237,0.00039043376
GDS_ers2_16047,0.033478446,8.381457e-06,1.669412e-06,0.96650887,2.6046432e-06
GDS_ers2_16053,0.1817523,0.73989,0.07655158,0.0016438612,0.00016228018
GDS_ers2_16079,0.045631368,0.90091383,0.05290255,0.00030262786,0.00024956002
GDS_ers2_16087,0.2571687,0.5144837,0.20804441,0.01877769,0.0015254475
GDS_ers2_16101,0.046376556,0.7860699,0.16652557,0.0005899399,0.00043794914
GDS_ers2_16103,0.6825864,0.099021904,0.016616156,0.20151888,0.0002567614
GDS_ers2_16138,0.30429754,0.60879534,0.07875745,0.00793845,0.00021123703
GDS_ers2_16169,0.39662686,0.011978992,0.0034301227,0.5874276,0.000536398
GDS_ers2_16204,0.18581975,0.636468,0.17422055,0.0032508222,0.00024086444
GDS_ers2_16209,0.4150694,0.296961,0.21722981,0.067327105,0.0034126919
GDS_ers2_16227,0.21224082,0.6125283,0.14341167,0.02692901,0.004890166
GDS_ers2_16228,0.22600485,0.75616425,0.017062776,0.00072715885,4.089498e-05
GDS_ers2_16239,0.08525806,0.79140633,0.11685983,0.004976213,0.0014995503
GDS_ers2_16265,0.09334899,0.7413878,0.15763086,0.005578571,0.002053745
GDS_ers2_16286,0.29044616,0.518704,0.12656336,0.058473226,0.0058132247
GDS_ers2_16310,0.2633531,0.33713952,0.1904648,0.15275927,0.056283306
GDS_ers2_16348,0.4237651,0.026847875,0.0088768955,0.53906685,0.0014433062
GDS_ers2_16389,0.39471838,0.5281335,0.05506805,0.02132176,0.0007583149
GDS_ers2_16397,0.5612685,0.4025728,0.020123994,0.015918948,0.000115662086
GDS_ers2_16405,0.09186629,0.83813936,0.06884888,0.00094596227,0.00019953273
GDS_ers2_16406,0.3369147,0.4973732,0.13292219,0.03197771,0.0008122329
GDS_ers2_16413,0.48516417,0.3474766,0.089651056,0.077020146,0.00068799785
GDS_ers2_16434,0.19394372,0.655075,0.13510132,0.009875544,0.006004453
GDS_ers2_16445,0.36885628,0.2184795,0.30640838,0.094891496,0.011364385
GDS_ers2_16495,0.58420265,0.39795092,0.013333093,0.0044725374,4.0781502e-05
GDS_ers2_16528,0.46537992,0.33014998,0.08294973,0.11957668,0.0019437254
GDS_ers2_16559,0.116726264,0.4174239,0.46184957,0.0035494575,0.00045080183
GDS_ers2_16603,0.67624617,0.22190455,0.019922484,0.08179751,0.00012926936
GDS_ers2_16642,0.08288715,0.88184017,0.03493578,0.0002917407,4.5046e-05
GDS_ers2_16670,0.03968127,0.57938504,0.3667461,0.002857388,0.011330191
GDS_ers2_16679,0.44599873,0.17803194,0.094469786,0.26615468,0.0153448535
GDS_ers2_16703,0.086311445,0.7299244,0.17736417,0.0047871983,0.0016127183
GDS_ers2_16704,0.34337503,0.5488134,0.08699016,0.020615881,0.00020547926
GDS_ers2_16728,0.06523165,0.673872,0.25799203,0.0011996861,0.001704657
GDS_ers2_16748,0.11294056,0.7356742,0.14930336,0.0018665012,0.00021542022
GDS_ers2_16760,0.085838564,0.4811168,0.41777524,0.008737193,0.0065320996
GDS_ers2_16761,0.10498812,0.47223213,0.21971002,0.049067106,0.15400258
GDS_ers2_16766,0.6119436,0.21547298,0.040231846,0.13191248,0.0004391159
GDS_ers2_16772,0.44133353,0.39961183,0.084911935,0.07261956,0.0015232417
GDS_ers2_16791,0.21060766,0.7337393,0.052052785,0.0034105743,0.00018969015
GDS_ers2_16812,0.2859218,0.34978992,0.2354061,0.095760874,0.033121265
GDS_ers2_16826,0.059891116,0.6897907,0.24675821,0.0017697753,0.001790256
GDS_ers2_16868,0.30320764,0.63692176,0.056812223,0.0030172456,4.115999e-05
GDS_ers2_16869,0.16753177,0.13154724,0.17487788,0.14113998,0.3849031
GDS_ers2_16883,0.36403617,0.4697556,0.13000116,0.034914114,0.001292905
GDS_ers2_16884,0.36131322,0.36192513,0.18946803,0.07141176,0.0158818
GDS_ers2_16889,0.3213272,0.6260134,0.048347116,0.0040321443,0.0002801688
GDS_ers2_16890,0.12945092,0.34637904,0.33831292,0.055364963,0.13049209
GDS_ers2_16910,0.18456116,0.55955726,0.24269761,0.010774372,0.0024096088
GDS_ers2_16930,0.26391295,0.5077445,0.15908098,0.060990408,0.008271135
GDS_ers2_16931,0.42041042,0.41449428,0.10728514,0.056164496,0.0016455919
GDS_ers2_16944,0.034183625,0.36979008,0.5862241,0.0018546772,0.007947474
GDS_ers2_16945,0.57231927,0.40477684,0.013326,0.0095650535,1.2829005e-05
GDS_ers2_16954,0.05226025,0.8557156,0.08670831,0.0023191418,0.002996762
GDS_ers2_16955,0.3211502,0.0042330986,0.0017850347,0.67230994,0.0005217594
GDS_ers2_17016,0.57930094,0.24300838,0.049987905,0.12381828,0.0038845253
GDS_ers2_17028,0.21633278,0.38586283,0.37935174,0.015594146,0.0028585712
GDS_ers2_17038,0.39613575,0.58663565,0.01611863,0.0010856853,2.4311645e-05
GDS_ers2_17048,0.18900122,0.5731376,0.22771387,0.008820741,0.0013266307
GDS_ers2_17077,0.09843518,0.7699156,0.12939657,0.001575555,0.00067703763
GDS_ers2_17092,0.04058172,0.43060422,0.5177336,0.0025807612,0.008499782
GDS_ers2_17110,9.917258e-05,4.3217168e-09,1.0719947e-07,0.9999007,2.2653386e-11
GDS_ers2_17114,0.43530688,0.3034925,0.115316354,0.1329003,0.012984053
GDS_ers2_17125,0.24990895,0.73225904,0.01694158,0.0008448754,4.5591827e-05
GDS_ers2_17146,0.02799439,0.36130187,0.42807046,0.008252951,0.17438032
GDS_ers2_17167,0.18338381,0.6886168,0.11792492,0.009171974,0.0009025281
GDS_ers2_17170,0.25741598,0.73762435,0.004623714,0.00032852235,7.4592026e-06
GDS_ers2_17174,0.35101467,0.44880256,0.06688504,0.057043113,0.076254584
GDS_ers2_17180,0.10865189,0.5298862,0.3279543,0.015567061,0.017940545
GDS_ers2_17194,0.09102639,0.7271237,0.17428379,0.0048787356,0.0026874214
GDS_ers2_17196,0.1831047,0.50068825,0.26585743,0.029603062,0.020746564
GDS_ers2_17202,0.7223427,0.08050185,0.0056951595,0.19143023,2.998849e-05
GDS_ers2_17204,0.5456631,0.40278018,0.02843525,0.023039369,8.215092e-05
GDS_ers2_17231,0.15449367,0.6253643,0.20878682,0.008214162,0.0031410626
GDS_ers2_17292,0.44338584,0.39360023,0.07291597,0.088277645,0.0018203771
GDS_ers2_17306,0.2432548,0.71506226,0.03997234,0.0016848845,2.5730482e-05
GDS_ers2_17322,0.07692877,0.24159881,0.6708031,0.007269644,0.0033997078
GDS_ers2_17325,0.1354731,0.7015291,0.16110225,0.0017881913,0.00010725847
GDS_ers2_17334,0.05104646,0.9065878,0.039216403,0.0008844552,0.002264944
GDS_ers2_17337,0.23778494,0.6329388,0.11888783,0.00744016,0.0029482709
GDS_ers2_17381,0.32461172,0.17471264,0.1211878,0.22617856,0.15330932
GDS_ers2_17385,0.4440678,0.55493814,0.00078368565,0.00020984178,5.1057464e-07
GDS_ers2_17386,0.027836997,0.63144445,0.33804813,0.0008031353,0.0018672314
GDS_ers2_17406,0.03951628,0.5755973,0.3744605,0.0020133972,0.0084125735
GDS_ers2_17412,0.40068647,0.41248977,0.12287046,0.061098754,0.0028545514
GDS_ers2_17425,0.09967971,0.86512434,0.031074716,0.0033737968,0.00074749766
GDS_ers2_17429,0.10436639,0.5981905,0.19003415,0.022843184,0.0845658
GDS_ers2_17442,0.06829978,0.8545135,0.07620724,0.0006553835,0.00032401443
GDS_ers2_17472,0.46126333,0.04650225,0.026349366,0.46105164,0.0048334263
GDS_ers2_17501,0.6683884,0.1996552,0.02557228,0.10614662,0.00023753972
GDS_ers2_17503,0.70565265,0.17240138,0.017698593,0.10416584,8.163464e-05
GDS_ers2_17531,0.022457678,2.0982101e-05,1.3027417e-06,0.9775193,8.159568e-07
GDS_ers2_17551,0.22235788,0.6090777,0.13264108,0.031090604,0.0048327334
GDS_ers2_17585,0.08467049,0.7601028,0.1538417,0.0012344517,0.000150485
GDS_ers2_17616,0.32646105,0.34671718,0.16806468,0.09484575,0.063911304
GDS_ers2_17642,0.20722805,0.56732243,0.18997343,0.018518308,0.01695777
GDS_ers2_17675,0.27753878,0.5061109,0.19456388,0.021132803,0.00065367535
GDS_ers2_17701,0.053100847,0.37822196,0.5643808,0.0021383006,0.0021580535
GDS_ers2_17708,0.4197034,0.44392198,0.094481796,0.04160071,0.00029208418
GDS_ers2_17748,0.08029197,0.65176636,0.25634652,0.0058356915,0.005759408
GDS_ers2_17751,0.073395506,0.5448478,0.37980598,0.0014587188,0.0004919839
GDS_ers2_17801,0.045851275,0.8866735,0.06635803,0.000502645,0.0006145707
GDS_ers2_17827,0.43729398,0.42622125,0.08243272,0.05302488,0.0010272092
GDS_ers2_17828,0.18074138,0.2018239,0.31319508,0.10436156,0.19987802
GDS_ers2_17890,0.13886759,0.7227738,0.12488092,0.0104175685,0.0030601306
GDS_ers2_17894,0.16366865,0.39116707,0.40095514,0.030392434,0.013816686
GDS_ers2_17895,0.21224624,0.61635464,0.14756262,0.020055247,0.0037812525
GDS_ers2_9770,0.20129536,0.4434065,0.2557483,0.059288133,0.04026173
GDS_ers2_9777,0.2690806,0.42190266,0.10579192,0.13930853,0.063916296
GDS_ers2_9911,0.62750465,0.095117494,0.020393465,0.25652885,0.0004555614
GDS_wide2_1006,0.3367257,0.6082064,0.03868566,0.01391549,0.0024667596
GDS_wide2_1021,0.23856637,0.4145315,0.27077806,0.06196601,0.014158081
GDS_wide2_10325,0.5250771,0.07607867,0.016774543,0.38119948,0.0008702472
GDS_wide2_1043,0.4096134,0.36344978,0.20033321,0.024877405,0.0017261846
GDS_wide2_10451,0.18527424,0.6337937,0.17866574,0.0020591442,0.00020716805
GDS_wide2_1053,0.02741411,0.6604377,0.2841451,0.0022716643,0.025731392
GDS_wide2_10532,0.09058791,0.6002067,0.3032693,0.0044972375,0.0014387701
GDS_wide2_10592,0.5472555,0.08093745,0.016830055,0.35326964,0.0017073372
GDS_wide2_10607,0.32821488,0.56504524,0.07534403,0.030796474,0.00059935113
GDS_wide2_1061,0.45945716,0.4247999,0.06104133,0.05443469,0.0002669562
GDS_wide2_10734,0.6795228,0.15264109,0.027130334,0.14047466,0.00023106394
GDS_wide2_10813,0.056455605,0.30703786,0.6282156,0.0035942146,0.004696738
GDS_wide2_10814,0.05283819,0.0988163,0.19828624,0.0826565,0.5674027
GDS_wide2_10815,0.43644944,0.095236816,0.35649672,0.10296851,0.008848576
GDS_wide2_10847,0.58762455,0.22368157,0.03377544,0.15427276,0.00064567564
GDS_wide2_10874,0.5394312,0.038006715,0.0062896395,0.4156812,0.00059127406
GDS_wide2_11018,0.06936986,0.5059771,0.41584092,0.0045595556,0.0042525763
GDS_wide2_11045,0.092109054,0.67162126,0.22804028,0.005017792,0.0032115856
GDS_wide2_11129,0.49154416,0.3556392,0.057214018,0.09468332,0.0009194198
GDS_wide2_11210,0.57222635,0.045755927,0.008522343,0.37320963,0.00028575867
GDS_wide2_11259,0.5513252,0.28791904,0.04591314,0.11412823,0.00071435765
GDS_wide2_11337,0.5002706,0.2801831,0.057906803,0.15801229,0.0036271305
GDS_wide2_11517,0.3114139,0.0052213925,0.0017845576,0.6811192,0.0004610351
GDS_wide2_1154,0.031598054,0.81733966,0.14440142,0.0008170532,0.005843754
GDS_wide2_1157,0.07640558,0.6589931,0.24742179,0.0048104892,0.012369012
GDS_wide2_11596,0.57556933,0.22563212,0.054390695,0.14343865,0.00096918945
GDS_wide2_1161,0.4631232,0.2885394,0.10108114,0.1423572,0.0048990413
GDS_wide2_11705,0.121531315,0.265302,0.56564146,0.026188772,0.021336451
GDS_wide2_11739,0.038429607,0.7895682,0.17029442,0.00095551286,0.00075226894
GDS_wide2_11780,0.21966131,0.48539776,0.23869774,0.047752555,0.008490652
GDS_wide2_1183,0.6845363,0.1552596,0.02145744,0.13856184,0.00018479236
GDS_wide2_11852,0.095098875,0.52040714,0.3365209,0.018185858,0.02978727
GDS_wide2_1193,0.07906127,0.76313764,0.15242119,0.0035768666,0.0018030843
GDS_wide2_11943,0.068205506,0.68111825,0.24933487,0.0010382766,0.0003030862
GDS_wide2_120,0.13970521,0.70547426,0.14911984,0.0050558103,0.0006448547
GDS_wide2_12008,0.62155724,0.16108912,0.03104843,0.18558905,0.00071618066
GDS_wide2_12094,0.15868793,0.5014267,0.22455893,0.06502804,0.05029842
GDS_wide2_12101,0.216381,0.4998937,0.2566085,0.025220098,0.0018966632
GDS_wide2_12106,0.11830272,0.845186,0.035931204,0.00054180104,3.830784e-05
GDS_wide2_12160,0.3821328,0.4560641,0.09418771,0.06638824,0.0012272247
GDS_wide2_12165,0.27560395,0.5008213,0.17221321,0.047316004,0.004045537
GDS_wide2_1221,0.1114075,0.8381401,0.04726293,0.0028993618,0.00029017503
GDS_wide2_12211,0.41802922,0.5816249,0.00030332585,4.2534895e-05,3.146844e-08
GDS_wide2_12255,0.11409417,0.753222,0.13017116,0.0022766774,0.00023593665
GDS_wide2_12263,0.33488533,0.5440015,0.067898735,0.04933644,0.0038780144
GDS_wide2_12304,0.64537,0.34103742,0.00561959,0.007961728,1.1257367e-05
GDS_wide2_1231,0.0379297,0.23706548,0.69832104,0.0042577973,0.022425983
GDS_wide2_12335,0.2004785,0.65365404,0.13341601,0.007930245,0.004521132
GDS_wide2_1237,0.36778086,0.33954725,0.22069544,0.06602573,0.0059507154
GDS_wide2_12498,0.19945958,0.7138638,0.083223015,0.0029635497,0.00048997044
GDS_wide2_1251,0.33595935,0.38597423,0.2008923,0.07340039,0.0037737885
GDS_wide2_12545,0.03579507,0.83317405,0.12480355,0.0020827125,0.0041446397
GDS_wide2_12557,0.36737457,0.57081646,0.045299813,0.015403411,0.0011056889
GDS_wide2_12578,0.03523246,0.37908503,0.5820342,0.0013099139,0.0023384313
GDS_wide2_12608,0.2560276,0.71594125,0.025471812,0.002530418,2.8921508e-05
GDS_wide2_12610,0.075722635,0.8260117,0.09342004,0.0024387697,0.0024068358
GDS_wide2_12635,0.45293123,0.4220199,0.06786214,0.056704454,0.0004822947
GDS_wide2_12651,0.43601158,0.34078783,0.15617096,0.06584041,0.001189226
GDS_wide2_1270,0.1130483,0.79425895,0.08836345,0.003676837,0.00065247813
GDS_wide2_12779,0.44122574,0.55514216,0.0029675225,0.00066315307,1.4562495e-06
GDS_wide2_12804,0.12956141,0.7947777,0.07115746,0.004144098,0.00035939197
GDS_wide2_1282,0.2555041,0.7151132,0.026842063,0.0024153364,0.00012525302
GDS_wide2_1305,0.6106393,0.20168371,0.042702302,0.14444566,0.0005290307
GDS_wide2_1326,0.5246506,0.05418707,0.02655368,0.389078,0.005530607
GDS_wide2_1337,0.3351402,0.3037032,0.18290354,0.14028688,0.037966207
GDS_wide2_13405,0.2383448,0.73520607,0.023771027,0.0026041921,7.391203e-05
GDS_wide2_13514,0.12079514,0.8251047,0.053160906,0.0008664643,7.275262e-05
GDS_wide2_13743,0.042523313,0.3348061,0.6096234,0.0031605286,0.009886707
GDS_wide2_13831,0.6525718,0.33381116,0.0026999908,0.010910587,6.4953642e-06
GDS_wide2_1386,0.072698146,0.75902015,0.16624543,0.0015735402,0.00046271452
GDS_wide2_1387,0.12749696,0.4453889,0.40260103,0.0145965135,0.009916598
GDS_wide2_13903,0.049917027,0.406471,0.29076836,0.015114074,0.23772952
GDS_wide2_14233,0.31093174,0.55728227,0.09250551,0.036570717,0.0027097727
GDS_wide2_14364,0.079878576,0.75076485,0.16334827,0.0043788343,0.0016293976
GDS_wide2_1439,0.5749054,0.2506313,0.03354695,0.1404184,0.00049794995
GDS_wide2_1444,0.062357847,0.7044638,0.22764349,0.0032185437,0.0023163715
GDS_wide2_14523,0.41525245,0.4581436,0.10412264,0.022234267,0.00024706317
GDS_wide2_1454,0.023338523,0.23658499,0.70146734,0.0032223642,0.03538677
GDS_wide2_14574,0.09199158,0.7126511,0.19171123,0.0028246182,0.00082149083
GDS_wide2_14620,0.08184771,0.8735184,0.044340096,0.00025387632,3.9900544e-05
GDS_wide2_1482,0.5794735,0.1494102,0.030381558,0.23926254,0.0014722215
GDS_wide2_14882,0.36359364,0.542005,0.06282895,0.030843455,0.00072904734
GDS_wide2_1503,0.22986291,0.49083233,0.22760645,0.045864988,0.0058332654
GDS_wide2_1517,0.045156803,0.25051206,0.21180576,0.03170639,0.46081895
GDS_wide2_1531,0.23886588,0.64358014,0.0992808,0.017497696,0.00077553804
GDS_wide2_1550,0.024781678,0.11938147,0.16239212,0.021978982,0.67146575
GDS_wide2_1551,0.069002435,0.3614406,0.55925095,0.0053178584,0.0049881563
GDS_wide2_1556,0.038221102,0.17324932,0.5512936,0.015544364,0.2216916
GDS_wide2_1557,0.42629954,0.33829993,0.10401445,0.12686701,0.004519062
GDS_wide2_1568,0.049127232,0.7970465,0.15279269,0.0007462319,0.00028738184
GDS_wide2_1580,0.08711983,0.7937512,0.114900984,0.0036252066,0.0006028284
GDS_wide2_1620,0.13677433,0.7498098,0.107197955,0.0043862867,0.0018317053
GDS_wide2_1630,0.22615491,0.4166807,0.28277662,0.052776802,0.021610957
GDS_wide2_1638,0.049429208,3.9721795e-05,4.0678724e-06,0.9505258,1.1074577e-06
GDS_wide2_1649,0.17319861,0.8053266,0.020427229,0.00084978645,0.00019774819
GDS_wide2_1665,0.0695258,0.7846719,0.13717163,0.0038595744,0.004771073
GDS_wide2_1675,0.4716548,0.39884698,0.07322608,0.055772237,0.00049983663
GDS_wide2_1690,0.5463396,0.074819975,0.025451552,0.3519319,0.0014570255
GDS_wide2_1713,0.598297,0.16265477,0.034961086,0.2030548,0.0010323472
GDS_wide2_1717,0.707683,0.11467207,0.0077245524,0.16988182,3.8495986e-05
GDS_wide2_1724,0.62130165,0.24361895,0.035350323,0.099470116,0.0002589006
GDS_wide2_1753,0.12440409,0.5604381,0.2922359,0.014597929,0.008323954
GDS_wide2_1769,0.08084724,0.7398175,0.17626902,0.0022441288,0.00082206057
GDS_wide2_1780,0.0610592,0.89605397,0.042134367,0.0006391432,0.00011338541
GDS_wide2_1786,0.2672356,0.6427676,0.08472296,0.0046127993,0.0006610602
GDS_wide2_1790,0.041342933,0.61020404,0.34152958,0.0022203769,0.004703037
GDS_wide2_1809,0.7501847,0.07227343,0.005351444,0.17216718,2.3233077e-05
GDS_wide2_1822,0.5729038,0.35886675,0.020079538,0.04809463,5.5229655e-05
GDS_wide2_1856,0.15627602,0.63976353,0.14508547,0.03880776,0.02006731
GDS_wide2_1863,0.41274062,0.5329275,0.03548328,0.018768944,7.968816e-05
GDS_wide2_1872,0.31490332,0.5215047,0.15942991,0.0039123707,0.0002496798
GDS_wide2_1881,0.22275855,0.7231322,0.05280593,0.0012908109,1.249872e-05
GDS_wide2_1887,0.8420144,0.016328573,0.00095016824,0.14070688,4.7136982e-08
GDS_wide2_1890,0.62425226,0.029899849,0.0039652647,0.34183702,4.561085e-05
GDS_wide2_190,0.14281322,0.765904,0.07835907,0.010584317,0.002339317
GDS_wide2_1900,0.53923935,0.12219538,0.022938507,0.3137118,0.0019150474
GDS_wide2_1924,0.58315575,0.3115111,0.035298474,0.069906645,0.00012807964
GDS_wide2_1937,0.67347765,0.14762114,0.029787522,0.14885378,0.0002598826
GDS_wide2_1945,0.055783924,0.7604638,0.18142597,0.0010318385,0.0012944575
GDS_wide2_1948,0.032815352,0.4977583,0.46879533,0.00033699977,0.00029393766
GDS_wide2_1962,0.12158733,0.6921997,0.18279186,0.002822174,0.0005990217
GDS_wide2_1971,0.16943036,0.6024296,0.21980001,0.0077271536,0.000612888
GDS_wide2_20,0.034563646,0.6625953,0.29773292,0.0012769805,0.0038311135
GDS_wide2_2001,0.30903578,0.6249239,0.0638925,0.0020616704,8.609297e-05
GDS_wide2_2002,0.42992958,0.53152925,0.028802479,0.009427355,0.00031134358
GDS_wide2_2019,0.007198888,0.69514024,0.178971,0.0008678955,0.11782188
GDS_wide2_2024,0.12116989,0.53275126,0.32885942,0.012405084,0.004814315
GDS_wide2_2055,0.5802062,0.39158487,0.018703854,0.009444488,6.0579925e-05
GDS_wide2_206,0.11951434,0.69254804,0.1751558,0.010367333,0.0024144643
GDS_wide2_2076,0.27774736,0.4862062,0.21988307,0.013665944,0.0024974102
GDS_wide2_2098,0.039369706,0.4939858,0.46059635,0.0018670734,0.0041810274
GDS_wide2_2120,0.49172518,0.49321514,0.009273406,0.005694396,9.196351e-05
GDS_wide2_2142,0.5045297,0.243383,0.08916986,0.15992591,0.0029915364
GDS_wide2_2150,0.5861522,0.03686088,0.0043009296,0.37261012,7.589685e-05
GDS_wide2_2161,0.52680963,0.25443473,0.057515223,0.15860055,0.002639866
GDS_wide2_220,0.54452425,0.10050691,0.03171045,0.320192,0.0030663817
GDS_wide2_2205,0.24929263,0.29801178,0.19389534,0.15303145,0.10576885
GDS_wide2_2219,0.5042391,0.28600517,0.07552809,0.12972791,0.0044996887
GDS_wide2_223,0.45017025,0.02425537,0.008940388,0.51514834,0.0014856469
GDS_wide2_2242,0.041958578,0.73917735,0.21792878,0.00067052006,0.00026481095
GDS_wide2_2255,0.04606195,0.6466601,0.276796,0.005413285,0.025068676
GDS_wide2_2292,0.37162933,0.58168185,0.042232137,0.0040697223,0.00038699448
GDS_wide2_2297,0.41732115,0.4915105,0.0532211,0.037211325,0.0007358774
GDS_wide2_230,0.5475627,0.31309745,0.06806927,0.070713155,0.0005574202
GDS_wide2_2312,0.20309198,0.59379345,0.18090132,0.020408755,0.0018045482
GDS_wide2_2320,0.040434603,0.6372254,0.3057554,0.0035139516,0.013070596
GDS_wide2_2330,0.069531046,0.16395533,0.7082268,0.021070736,0.03721606
GDS_wide2_2335,0.00047869704,9.664623e-16,1.60531e-17,0.99952126,5.1968317e-17
GDS_wide2_234,0.537646,0.46167004,0.00054190157,0.00014186173,2.0272219e-07
GDS_wide2_2352,0.08845458,0.7574414,0.13482387,0.007850489,0.011429664
GDS_wide2_2370,0.19909042,0.6549787,0.14026496,0.0052936827,0.00037227778
GDS_wide2_2384,0.19264534,0.701877,0.10346025,0.0019576717,5.9767815e-05
GDS_wide2_2406,0.635491,0.080535986,0.010713091,0.2730388,0.00022111085
GDS_wide2_2410,0.06190002,0.47148186,0.4297479,0.009584955,0.027285207
GDS_wide2_2417,0.5923358,0.39292413,0.010290612,0.0044348733,1.4538129e-05
GDS_wide2_242,0.05232674,0.6394026,0.2981476,0.003622271,0.006500734
GDS_wide2_2420,0.18515028,0.6848648,0.12330468,0.0062957196,0.00038454472
GDS_wide2_2427,0.058825035,0.348171,0.5869553,0.0023327302,0.003715891
GDS_wide2_2431,0.33821568,0.48356342,0.1310115,0.04633713,0.0008723375
GDS_wide2_2440,0.6489906,0.17165092,0.016542567,0.16268806,0.00012787324
GDS_wide2_2460,0.62170684,0.10194155,0.011955046,0.26400647,0.00039016455
GDS_wide2_2462,0.09492251,0.5971675,0.30133218,0.0044622715,0.0021154946
GDS_wide2_2469,0.5929354,0.2859982,0.06776041,0.05244111,0.00086486794
GDS_wide2_250,0.55041486,0.1914716,0.04479179,0.21126905,0.0020526715
GDS_wide2_2508,0.110322975,0.65552723,0.23135504,0.002421649,0.00037306082
GDS_wide2_2516,0.055546757,0.68368405,0.25961325,0.0008271083,0.0003287754
GDS_wide2_2521,0.18807234,0.45033932,0.33807167,0.020660533,0.002856174
GDS_wide2_2527,0.23963095,0.7438166,0.015428645,0.0010791512,4.4681223e-05
GDS_wide2_2538,0.27782536,0.0030205173,0.0007358462,0.718258,0.00016031935
GDS_wide2_2566,0.08693775,0.9054881,0.0071066464,9.6569034e-05,0.0003710272
GDS_wide2_257,0.11616526,0.67657906,0.20270824,0.0035630774,0.0009843584
GDS_wide2_258,0.033475097,0.52921045,0.43650174,0.00050413044,0.00030857575
GDS_wide2_2587,0.04465974,0.6074538,0.3391732,0.0025239745,0.006189237
GDS_wide2_2616,0.0507486,0.6491716,0.28970876,0.003913115,0.006458007
GDS_wide2_2622,0.727958,0.114224926,0.012710277,0.14505504,5.182969e-05
GDS_wide2_264,0.1203523,0.819346,0.055273674,0.0028938537,0.0021341685
GDS_wide2_265,0.09330686,0.639323,0.26125598,0.004059844,0.0020543528
GDS_wide2_2659,0.59103537,0.07369623,0.011926565,0.3230276,0.00031421307
GDS_wide2_267,0.03754798,0.47519016,0.4243096,0.0054624854,0.057489812
GDS_wide2_2670,0.44631633,0.5443608,0.008151073,0.0011591264,1.2630775e-05
GDS_wide2_2681,0.28277537,0.6518335,0.06065824,0.004067959,0.00066490297
GDS_wide2_2705,0.5993471,0.100850664,0.015762039,0.2835176,0.00052261056
GDS_wide2_271,0.50481516,0.29473054,0.068789795,0.12679873,0.004865777
GDS_wide2_2715,0.71312684,0.13807006,0.021397151,0.12728353,0.00012245732
GDS_wide2_2720,0.59947073,0.19779488,0.029121166,0.17308679,0.00052649307
GDS_wide2_2747,0.3455437,0.45369592,0.15666014,0.042930316,0.0011700129
GDS_wide2_2756,1.4246278e-07,1.979378e-27,2.8483407e-32,0.9999999,2.0145674e-31
GDS_wide2_2794,0.21886127,0.56795406,0.19301617,0.018457917,0.0017106024
GDS_wide2_28,0.16015634,0.65584785,0.18005337,0.0031604657,0.0007820639
GDS_wide2_2805,0.23261867,0.37937978,0.3516171,0.03158846,0.004795952
GDS_wide2_2819,0.059527528,0.33245724,0.59499687,0.005940868,0.007077437
GDS_wide2_2833,0.37762436,0.52543396,0.07874499,0.018037349,0.00015937901
GDS_wide2_2835,0.32473463,0.55611295,0.08491835,0.033306893,0.00092725706
GDS_wide2_2839,0.08571488,0.35628185,0.5386747,0.00871477,0.0106138475
GDS_wide2_2863,0.12132992,0.3758055,0.49112335,0.00831906,0.0034221613
GDS_wide2_2869,0.23920259,0.7398608,0.020020157,0.000699266,0.00021727348
GDS_wide2_2884,0.03762786,0.28204992,0.66291624,0.0035288967,0.013877025
GDS_wide2_2955,0.02553689,0.8575149,0.111292854,0.0012989404,0.0043563796
GDS_wide2_2963,0.043185584,0.74579585,0.20296472,0.0020222508,0.0060316315
GDS_wide2_2968,0.36614946,0.42722595,0.14822733,0.054770682,0.0036265785
GDS_wide2_2980,0.23150508,0.54557145,0.1860175,0.032194134,0.004711871
GDS_wide2_3039,0.55094343,0.35028583,0.06600636,0.0326355,0.00012886275
GDS_wide2_3079,0.60672855,0.21670471,0.023517031,0.15268685,0.00036280658
GDS_wide2_308,0.107529946,0.23909368,0.2744506,0.08071562,0.29821014
GDS_wide2_3089,0.57679284,0.41943297,0.0025569776,0.0012163742,7.9336087e-07
GDS_wide2_3096,0.1584168,0.59382147,0.2381045,0.008706803,0.0009503957
GDS_wide2_3104,0.543165,0.11346082,0.08236243,0.23726653,0.02374525
GDS_wide2_3141,0.19119415,0.80132097,0.0069435635,0.0005231284,1.8130528e-05
GDS_wide2_3146,0.33385956,0.37428638,0.26495403,0.024703557,0.0021964668
GDS_wide2_3148,0.67607963,0.17725632,0.02716015,0.11936878,0.00013515614
GDS_wide2_3160,0.18005759,0.38530025,0.18718149,0.10768687,0.1397738
GDS_wide2_3180,0.70555604,0.14405717,0.013857717,0.13645008,7.909444e-05
GDS_wide2_3181,0.5050295,0.38350564,0.07949079,0.031837255,0.00013682312
GDS_wide2_3208,0.07124313,0.7095237,0.21087243,0.004851866,0.0035089513
GDS_wide2_3213,0.08081759,0.68996394,0.22714886,0.0016627464,0.00040686756
GDS_wide2_3221,0.08566808,0.67825246,0.23016702,0.003965462,0.001947036
GDS_wide2_3226,0.08014831,0.31947055,0.58682394,0.007903932,0.0056533148
GDS_wide2_3275,0.13961653,0.6764502,0.17900117,0.0042197634,0.0007123622
GDS_wide2_3286,0.20117119,0.70009035,0.09402158,0.0044592996,0.00025763162
GDS_wide2_3304,0.10518829,0.7543099,0.12764747,0.008455899,0.0043983525
GDS_wide2_3306,0.104048,0.6974889,0.19531573,0.002669917,0.00047733192
GDS_wide2_3318,0.3340768,0.24257971,0.31747314,0.09362508,0.0122452825
GDS_wide2_3327,0.48502326,0.4639708,0.042022035,0.008964061,1.9936182e-05
GDS_wide2_333,0.13286404,0.6689981,0.19537628,0.002327941,0.0004336784
GDS_wide2_3349,0.5012612,0.4975714,0.00086393894,0.00030313,3.6752766e-07
GDS_wide2_3374,0.15018089,0.7819459,0.059041534,0.0077162073,0.0011155476
GDS_wide2_3387,0.06479418,0.5999337,0.3321348,0.0017423244,0.0013951224
GDS_wide2_3420,0.6436239,0.17052977,0.0180889,0.16740571,0.00035173725
GDS_wide2_3428,0.112261035,0.36840102,0.4432878,0.02780862,0.048241485
GDS_wide2_3482,0.23153482,0.5446498,0.20054202,0.021602318,0.0016710416
GDS_wide2_3493,0.5977936,0.12679471,0.023774926,0.25084245,0.00079438335
GDS_wide2_3529,0.6980097,0.30198884,7.434757e-08,1.406431e-06,5.7861356e-14
GDS_wide2_3553,0.20309612,0.27285227,0.20018299,0.13664234,0.18722625
GDS_wide2_3559,0.00640647,2.3815884e-08,2.929883e-09,0.9935935,1.433313e-10
GDS_wide2_3566,0.065875575,0.6247164,0.29207706,0.00713426,0.010196717
GDS_wide2_3619,0.5719816,0.38088775,0.029477641,0.017614476,3.8556136e-05
GDS_wide2_3636,0.077836506,0.74476844,0.16928104,0.0026745964,0.0054393876
GDS_wide2_364,0.19799413,0.7521061,0.047793113,0.0019658701,0.00014087604
GDS_wide2_3667,0.24944657,0.45119095,0.20126073,0.07507227,0.023029473
GDS_wide2_372,0.11994914,0.7628239,0.11596253,0.0012120228,5.2506173e-05
GDS_wide2_376,0.15543808,0.33089122,0.48886564,0.018715737,0.0060892547
GDS_wide2_3768,0.1291542,0.29380393,0.55493695,0.015852584,0.0062523712
GDS_wide2_3775,0.5079454,0.36547366,0.04094028,0.08526749,0.00037315386
GDS_wide2_3822,0.4060218,0.41392723,0.10711081,0.070582785,0.0023573327
GDS_wide2_3935,0.50796854,0.33737063,0.08171203,0.072415575,0.00053324294
GDS_wide2_394,0.05588272,0.74377245,0.19551763,0.0026808563,0.0021463425
GDS_wide2_40,0.22051497,0.61068445,0.15844077,0.007667994,0.0026918268
GDS_wide2_4003,0.54309154,0.23007524,0.04769732,0.17744006,0.0016958723
GDS_wide2_4022,0.3511485,0.42802018,0.13852757,0.0688364,0.013467345
GDS_wide2_4097,0.044121727,0.5920957,0.35458702,0.0025135784,0.0066820057
GDS_wide2_4156,0.062382367,0.6109648,0.3091935,0.0064121257,0.011047243
GDS_wide2_4167,0.38560927,0.48859453,0.08706094,0.03691782,0.0018174526
GDS_wide2_4174,0.30443648,0.0056126257,0.0022888454,0.6868266,0.000835427
GDS_wide2_4258,0.27151218,0.0098375315,0.0023695396,0.7157612,0.00051950733
GDS_wide2_4408,0.25762215,0.6425226,0.09198801,0.0069648908,0.00090235734
GDS_wide2_4417,0.18070579,0.6787275,0.12918419,0.010263493,0.001118985
GDS_wide2_4430,0.33749238,0.6433971,0.017284656,0.0016850847,0.00014081698
GDS_wide2_4485,0.12601829,0.26149616,0.27097133,0.07642793,0.2650863
GDS_wide2_4505,0.6990108,0.014000331,0.00011018292,0.28687823,4.4695992e-07
GDS_wide2_452,0.21151343,0.6062726,0.15957576,0.020820713,0.0018175415
GDS_wide2_4562,0.50012773,0.37791798,0.06724143,0.05441059,0.0003022508
GDS_wide2_4578,0.56530464,0.19440345,0.067855135,0.17111506,0.0013217089
GDS_wide2_4673,0.47756997,0.24474324,0.13599919,0.13648391,0.0052037537
GDS_wide2_4796,0.17122096,0.36578286,0.2231377,0.10123458,0.13862391
GDS_wide2_493,0.24592216,0.6502962,0.09394213,0.008390919,0.0014485666
GDS_wide2_506,0.5938073,0.08661548,0.021166366,0.29772165,0.00068927463
GDS_wide2_5103,0.19812915,0.7433994,0.05642169,0.0018247726,0.00022500692
GDS_wide2_5135,0.12107806,8.120778e-05,2.0500767e-05,0.8788061,1.4044385e-05
GDS_wide2_5168,0.7735783,0.05521457,0.003559422,0.1676336,1.4211376e-05
GDS_wide2_5253,0.3222975,0.51552284,0.1302823,0.03058105,0.0013163274
GDS_wide2_5322,0.09103953,0.61373013,0.1315574,0.0099729765,0.15369995
GDS_wide2_5327,0.6679695,0.041601628,0.0035349217,0.28682277,7.1069655e-05
GDS_wide2_5384,0.064164825,0.86878693,0.06378363,0.0015665845,0.0016979527
GDS_wide2_541,0.3840382,0.42500725,0.10271458,0.0838242,0.0044157025
GDS_wide2_5587,0.2335898,0.68141174,0.07600547,0.008405634,0.0005872766
GDS_wide2_5678,0.5375818,0.16363576,0.073707625,0.21370886,0.011365888
GDS_wide2_5741,0.5324479,0.2849203,0.056447934,0.12548181,0.0007019869
GDS_wide2_580,0.08942505,0.83833796,0.071650244,0.00055248576,3.4259938e-05
GDS_wide2_581,0.55885315,0.24805781,0.08571346,0.106577635,0.00079790124
GDS_wide2_583,0.24946935,0.10938654,0.083051056,0.43221822,0.12587489
GDS_wide2_584,0.03462495,0.4732186,0.4856168,0.0017562833,0.004783475
GDS_wide2_592,0.10231686,0.73830026,0.1564979,0.0022511098,0.0006338665
GDS_wide2_601,0.25401157,0.66636544,0.074616686,0.0045570154,0.00044930386
GDS_wide2_6125,0.02625676,0.36389282,0.5679796,0.0027076744,0.039163183
GDS_wide2_6135,0.3079412,0.6899743,0.00197507,0.00010828256,1.1166826e-06
GDS_wide2_616,0.30470762,0.67068756,0.02288469,0.0016788758,4.12484e-05
GDS_wide2_6166,0.083702445,0.7059657,0.20421693,0.003929092,0.0021858432
GDS_wide2_638,0.09190003,0.37166637,0.52597183,0.006317445,0.0041443384
GDS_wide2_640,0.4624251,0.3635125,0.10355755,0.06963704,0.0008679385
GDS_wide2_649,0.32837448,0.4666004,0.19817026,0.0064984867,0.0003563783
GDS_wide2_656,0.20998798,0.6182544,0.15126921,0.018163659,0.0023247087
GDS_wide2_6576,0.31900823,0.422243,0.19641277,0.059846457,0.002489444
GDS_wide2_6749,0.48657548,0.18838644,0.21379362,0.10560504,0.0056394697
GDS_wide2_6827,0.085464604,0.3841736,0.4873471,0.015669707,0.027345031
GDS_wide2_683,0.5689163,0.05740185,0.010040279,0.36314628,0.0004952902
GDS_wide2_686,0.28238267,0.47573188,0.19627611,0.03814887,0.0074603837
GDS_wide2_6869,0.23058002,0.60846263,0.14299256,0.017407537,0.000557179
GDS_wide2_6890,0.1580221,0.72895426,0.094606675,0.013488683,0.0049282415
GDS_wide2_694,0.15859352,0.79635215,0.044061653,0.0009771296,1.5563775e-05
GDS_wide2_6959,0.053797293,0.6301717,0.30846018,0.0030608622,0.004509952
GDS_wide2_702,0.4717919,0.4107542,0.098587014,0.018797787,6.912916e-05
GDS_wide2_718,0.6596801,0.16509451,0.02273509,0.15221663,0.00027359516
GDS_wide2_7187,0.046947405,0.9386029,0.013786022,0.00046569057,0.00019793058
GDS_wide2_7215,0.4564767,0.03590964,0.012854849,0.49288976,0.0018690142
GDS_wide2_73,0.021693567,0.59790933,0.2597039,0.0036620917,0.11703107
GDS_wide2_732,0.20978017,0.70772785,0.07339047,0.0077880435,0.001313436
GDS_wide2_742,0.110295355,0.54797965,0.30555758,0.012791854,0.02337557
GDS_wide2_75,0.42061087,0.43138126,0.120279476,0.027485276,0.00024318535
GDS_wide2_753,0.48491833,0.31089267,0.08754866,0.11501224,0.0016280996
GDS_wide2_7630,0.08165587,0.55288804,0.361364,0.0025214755,0.0015706491
GDS_wide2_7636,0.39572003,0.31848463,0.13521194,0.1412212,0.009362136
GDS_wide2_772,0.23972218,0.63434565,0.11478605,0.010233119,0.00091298
GDS_wide2_773,0.0769103,0.8853618,0.036314663,0.001231491,0.00018177186
GDS_wide2_7732,0.21261194,0.7427482,0.040166415,0.0043443525,0.00012913461
GDS_wide2_79,0.5779055,0.3105271,0.04622524,0.06509775,0.00024446077
GDS_wide2_794,0.34016135,0.29796737,0.22533788,0.12350844,0.013025063
GDS_wide2_798,0.23319656,0.6823069,0.079412356,0.004300197,0.00078403833
GDS_wide2_7995,0.039579317,0.73896605,0.1974146,0.0032838187,0.020756254
GDS_wide2_8130,0.04203291,0.19008522,0.7442544,0.006084568,0.017542897
GDS_wide2_8162,0.7168146,0.13892755,0.011101966,0.13310361,5.2257747e-05
GDS_wide2_8257,0.4892706,0.354241,0.056593545,0.09890284,0.0009920034
GDS_wide2_8392,0.70991415,0.13994755,0.0109128,0.13915314,7.243606e-05
GDS_wide2_8423,0.7340602,0.0978042,0.022005253,0.1459669,0.000163401
GDS_wide2_8466,0.6131428,0.08070485,0.024137875,0.28031096,0.0017035202
GDS_wide2_850,0.15408011,0.7850378,0.058592666,0.0019540743,0.00033527685
GDS_wide2_859,0.4186069,0.45034137,0.09074395,0.03975204,0.00055573205
GDS_wide2_8591,0.2926166,0.5119249,0.17694078,0.018017536,0.0005001129
GDS_wide2_8661,0.08516888,0.8597398,0.052505765,0.00094891037,0.0016367737
GDS_wide2_868,0.08212042,0.8590318,0.056894995,0.0018134671,0.00013940722
GDS_wide2_8693,0.38541815,0.5243502,0.051055335,0.038561333,0.00061500963
GDS_wide2_8722,0.42634442,0.41491997,0.06714603,0.089033075,0.0025564593
GDS_wide2_8783,0.36332318,0.45847875,0.13408536,0.04288766,0.001225006
GDS_wide2_8793,0.36380413,0.43511555,0.14486434,0.054557033,0.0016589598
GDS_wide2_8821,0.22162932,0.61347073,0.14566083,0.011968796,0.0072702994
GDS_wide2_8897,0.21079098,0.7025046,0.08372708,0.0027906334,0.00018675266
GDS_wide2_8935,0.06956472,0.63941467,0.28345472,0.004619576,0.002946404
GDS_wide2_897,0.59419835,0.1846398,0.050923407,0.1693842,0.00085424684
GDS_wide2_8994,0.6608067,0.12275612,0.02562877,0.1904511,0.00035730124
GDS_wide2_901,0.45923442,0.28758755,0.09332065,0.15634911,0.0035082744
GDS_wide2_9031,0.04574819,0.61593515,0.33654642,0.0011161417,0.0006541496
GDS_wide2_9043,0.69704837,0.048657972,0.0043704696,0.24989222,3.099922e-05
GDS_wide2_910,0.14520462,0.8365824,0.017626783,0.0005695773,1.6582071e-05
GDS_wide2_912,0.22165804,0.7016954,0.07507159,0.0015057275,6.93777e-05
GDS_wide2_923,0.6925087,0.23406926,0.01239144,0.060971487,5.904745e-05
GDS_wide2_927,0.118751824,0.76071554,0.11488746,0.002630106,0.0030150774
GDS_wide2_9333,0.044549704,0.6576716,0.29739982,0.00025871323,0.00012022618
GDS_wide2_9362,0.06888936,0.7362019,0.19200027,0.0021996645,0.00070875394
GDS_wide2_9421,0.26840225,0.63972944,0.08713013,0.004643211,9.498237e-05
GDS_wide2_9445,0.31530625,0.64467585,0.035444748,0.0043464787,0.00022666677
GDS_wide2_947,0.3343996,0.591713,0.059439104,0.013594942,0.00085334625
GDS_wide2_9475,0.5658497,0.40634775,0.012492162,0.0152782155,3.2104945e-05
GDS_wide2_949,0.58321637,0.1739261,0.030924313,0.21063492,0.001298302
GDS_wide2_959,0.08393659,0.68617207,0.2282181,0.0014361127,0.00023709997
GDS_wide2_9602,0.42728317,0.5520782,0.017220594,0.0034068918,1.1193813e-05
GDS_wide2_9762,0.117535144,0.49698314,0.2879894,0.034614842,0.06287748
GDS_wide2_9865,0.27792796,0.68505955,0.029598288,0.0071566054,0.0002575503
GDS_wide2_9894,0.020275487,0.79098374,0.16818796,0.0014516229,0.019101245
GDS_wide2_991,0.5504759,0.32721987,0.037236817,0.08474624,0.0003211744
GDS_wide2_9910,0.16114846,0.7374776,0.09961176,0.0017125662,4.955914e-05
